inv_nr	page_no	langs	url	corrected
1065	293	por	https://transcriptions.globalise.huygens.knaw.nl/detail/urn:globalise:NL-HaNA_1.04.02_1065_0293	yes
1067	454	msa	https://transcriptions.globalise.huygens.knaw.nl/detail/urn:globalise:NL-HaNA_1.04.02_1067_0454	yes
1067	455	msa	https://transcriptions.globalise.huygens.knaw.nl/detail/urn:globalise:NL-HaNA_1.04.02_1067_0455	yes
1068	388	msa	https://transcriptions.globalise.huygens.knaw.nl/detail/urn:globalise:NL-HaNA_1.04.02_1068_0388	yes
1068	428	msa	https://transcriptions.globalise.huygens.knaw.nl/detail/urn:globalise:NL-HaNA_1.04.02_1068_0428	yes
1070	860	eng	https://transcriptions.globalise.huygens.knaw.nl/detail/urn:globalise:NL-HaNA_1.04.02_1070_0860	yes
1071	217	por	https://transcriptions.globalise.huygens.knaw.nl/detail/urn:globalise:NL-HaNA_1.04.02_1071_0217	yes
1073	571	eng	https://transcriptions.globalise.huygens.knaw.nl/detail/urn:globalise:NL-HaNA_1.04.02_1073_0571	yes
1073	572	eng	https://transcriptions.globalise.huygens.knaw.nl/detail/urn:globalise:NL-HaNA_1.04.02_1073_0572	yes
1074	459	msa	https://transcriptions.globalise.huygens.knaw.nl/detail/urn:globalise:NL-HaNA_1.04.02_1074_0459	yes
1074	463	msa	https://transcriptions.globalise.huygens.knaw.nl/detail/urn:globalise:NL-HaNA_1.04.02_1074_0463	yes
1074	467	msa	https://transcriptions.globalise.huygens.knaw.nl/detail/urn:globalise:NL-HaNA_1.04.02_1074_0467	yes
1074	468	msa	https://transcriptions.globalise.huygens.knaw.nl/detail/urn:globalise:NL-HaNA_1.04.02_1074_0468	yes
1074	504	spa	https://transcriptions.globalise.huygens.knaw.nl/detail/urn:globalise:NL-HaNA_1.04.02_1074_0504	yes
1074	507	spa	https://transcriptions.globalise.huygens.knaw.nl/detail/urn:globalise:NL-HaNA_1.04.02_1074_0507	yes
1074	517	spa	https://transcriptions.globalise.huygens.knaw.nl/detail/urn:globalise:NL-HaNA_1.04.02_1074_0517	yes
1075	515	por	https://transcriptions.globalise.huygens.knaw.nl/detail/urn:globalise:NL-HaNA_1.04.02_1075_0515	yes
1075	648	eng	https://transcriptions.globalise.huygens.knaw.nl/detail/urn:globalise:NL-HaNA_1.04.02_1075_0648	yes
1075	649	eng	https://transcriptions.globalise.huygens.knaw.nl/detail/urn:globalise:NL-HaNA_1.04.02_1075_0649	yes
1075	652	eng	https://transcriptions.globalise.huygens.knaw.nl/detail/urn:globalise:NL-HaNA_1.04.02_1075_0652	yes
1075	653	eng	https://transcriptions.globalise.huygens.knaw.nl/detail/urn:globalise:NL-HaNA_1.04.02_1075_0653	yes
1075	654	eng	https://transcriptions.globalise.huygens.knaw.nl/detail/urn:globalise:NL-HaNA_1.04.02_1075_0654	yes
1076	206	por	https://transcriptions.globalise.huygens.knaw.nl/detail/urn:globalise:NL-HaNA_1.04.02_1076_0206	yes
1076	211	por	https://transcriptions.globalise.huygens.knaw.nl/detail/urn:globalise:NL-HaNA_1.04.02_1076_0211	yes
1076	213	por	https://transcriptions.globalise.huygens.knaw.nl/detail/urn:globalise:NL-HaNA_1.04.02_1076_0213	yes
1076	222	por	https://transcriptions.globalise.huygens.knaw.nl/detail/urn:globalise:NL-HaNA_1.04.02_1076_0222	yes
1076	223	spa	https://transcriptions.globalise.huygens.knaw.nl/detail/urn:globalise:NL-HaNA_1.04.02_1076_0223	yes
1076	226	spa	https://transcriptions.globalise.huygens.knaw.nl/detail/urn:globalise:NL-HaNA_1.04.02_1076_0226	yes
1076	240	por	https://transcriptions.globalise.huygens.knaw.nl/detail/urn:globalise:NL-HaNA_1.04.02_1076_0240	yes
1076	691	spa	https://transcriptions.globalise.huygens.knaw.nl/detail/urn:globalise:NL-HaNA_1.04.02_1076_0691	yes
1076	693	spa	https://transcriptions.globalise.huygens.knaw.nl/detail/urn:globalise:NL-HaNA_1.04.02_1076_0693	yes
1076	704	spa	https://transcriptions.globalise.huygens.knaw.nl/detail/urn:globalise:NL-HaNA_1.04.02_1076_0704	yes
1076	708	spa	https://transcriptions.globalise.huygens.knaw.nl/detail/urn:globalise:NL-HaNA_1.04.02_1076_0708	yes
1081	454	eng,nld	https://transcriptions.globalise.huygens.knaw.nl/detail/urn:globalise:NL-HaNA_1.04.02_1081_0454	yes
1081	455	eng,nld	https://transcriptions.globalise.huygens.knaw.nl/detail/urn:globalise:NL-HaNA_1.04.02_1081_0455	yes
1094	994	lat	https://transcriptions.globalise.huygens.knaw.nl/detail/urn:globalise:NL-HaNA_1.04.02_1094_0994	yes
1103	1403	ita	https://transcriptions.globalise.huygens.knaw.nl/detail/urn:globalise:NL-HaNA_1.04.02_1103_1403	yes
1106	266	ita	https://transcriptions.globalise.huygens.knaw.nl/detail/urn:globalise:NL-HaNA_1.04.02_1106_0266	yes
1108	746	msa	https://transcriptions.globalise.huygens.knaw.nl/detail/urn:globalise:NL-HaNA_1.04.02_1108_0746	yes
1120	117	lat	https://transcriptions.globalise.huygens.knaw.nl/detail/urn:globalise:NL-HaNA_1.04.02_1120_0117	yes
1125	793	por	https://transcriptions.globalise.huygens.knaw.nl/detail/urn:globalise:NL-HaNA_1.04.02_1125_0793	yes
1125	797	por	https://transcriptions.globalise.huygens.knaw.nl/detail/urn:globalise:NL-HaNA_1.04.02_1125_0797	yes
1125	803	por	https://transcriptions.globalise.huygens.knaw.nl/detail/urn:globalise:NL-HaNA_1.04.02_1125_0803	yes
1125	804	por	https://transcriptions.globalise.huygens.knaw.nl/detail/urn:globalise:NL-HaNA_1.04.02_1125_0804	yes
1125	818	por	https://transcriptions.globalise.huygens.knaw.nl/detail/urn:globalise:NL-HaNA_1.04.02_1125_0818	yes
1125	823	por	https://transcriptions.globalise.huygens.knaw.nl/detail/urn:globalise:NL-HaNA_1.04.02_1125_0823	yes
1125	827	por	https://transcriptions.globalise.huygens.knaw.nl/detail/urn:globalise:NL-HaNA_1.04.02_1125_0827	yes
1125	837	spa	https://transcriptions.globalise.huygens.knaw.nl/detail/urn:globalise:NL-HaNA_1.04.02_1125_0837	yes
1125	845	spa	https://transcriptions.globalise.huygens.knaw.nl/detail/urn:globalise:NL-HaNA_1.04.02_1125_0845	yes
1128	533	por	https://transcriptions.globalise.huygens.knaw.nl/detail/urn:globalise:NL-HaNA_1.04.02_1128_0533	yes
1133	487	lat	https://transcriptions.globalise.huygens.knaw.nl/detail/urn:globalise:NL-HaNA_1.04.02_1133_0487	yes
1134	927	por	https://transcriptions.globalise.huygens.knaw.nl/detail/urn:globalise:NL-HaNA_1.04.02_1134_0927	yes
1134	929	por	https://transcriptions.globalise.huygens.knaw.nl/detail/urn:globalise:NL-HaNA_1.04.02_1134_0929	yes
1134	929	spa	https://transcriptions.globalise.huygens.knaw.nl/detail/urn:globalise:NL-HaNA_1.04.02_1134_0929	yes
1134	948	por	https://transcriptions.globalise.huygens.knaw.nl/detail/urn:globalise:NL-HaNA_1.04.02_1134_0948	yes
1135	715	lat	https://transcriptions.globalise.huygens.knaw.nl/detail/urn:globalise:NL-HaNA_1.04.02_1135_0715	yes
1135	716	lat	https://transcriptions.globalise.huygens.knaw.nl/detail/urn:globalise:NL-HaNA_1.04.02_1135_0716	yes
1136	1248	por	https://transcriptions.globalise.huygens.knaw.nl/detail/urn:globalise:NL-HaNA_1.04.02_1136_1248	yes
1141	437	por	https://transcriptions.globalise.huygens.knaw.nl/detail/urn:globalise:NL-HaNA_1.04.02_1141_0437	yes
1141	438	por	https://transcriptions.globalise.huygens.knaw.nl/detail/urn:globalise:NL-HaNA_1.04.02_1141_0438	yes
1146	324	lat	https://transcriptions.globalise.huygens.knaw.nl/detail/urn:globalise:NL-HaNA_1.04.02_1146_0324	yes
1146	807	lat	https://transcriptions.globalise.huygens.knaw.nl/detail/urn:globalise:NL-HaNA_1.04.02_1146_0807	yes
1150	691	por	https://transcriptions.globalise.huygens.knaw.nl/detail/urn:globalise:NL-HaNA_1.04.02_1150_0691	yes
1150	695	por	https://transcriptions.globalise.huygens.knaw.nl/detail/urn:globalise:NL-HaNA_1.04.02_1150_0695	yes
1150	696	por	https://transcriptions.globalise.huygens.knaw.nl/detail/urn:globalise:NL-HaNA_1.04.02_1150_0696	yes
1152	381	por	https://transcriptions.globalise.huygens.knaw.nl/detail/urn:globalise:NL-HaNA_1.04.02_1152_0381	yes
1163	864	lat	https://transcriptions.globalise.huygens.knaw.nl/detail/urn:globalise:NL-HaNA_1.04.02_1163_0864	yes
1173	130	lat	https://transcriptions.globalise.huygens.knaw.nl/detail/urn:globalise:NL-HaNA_1.04.02_1173_0130	yes
1173	130	lat,nld	https://transcriptions.globalise.huygens.knaw.nl/detail/urn:globalise:NL-HaNA_1.04.02_1173_0130	yes
1202	542	fra	https://transcriptions.globalise.huygens.knaw.nl/detail/urn:globalise:NL-HaNA_1.04.02_1202_0542	yes
1203	471	lat	https://transcriptions.globalise.huygens.knaw.nl/detail/urn:globalise:NL-HaNA_1.04.02_1203_0471	yes
1232	1618	nld,art	https://transcriptions.globalise.huygens.knaw.nl/detail/urn:globalise:NL-HaNA_1.04.02_1232_1618	no
1235	35	lat	https://transcriptions.globalise.huygens.knaw.nl/detail/urn:globalise:NL-HaNA_1.04.02_1235_0035	yes
1235	39	lat	https://transcriptions.globalise.huygens.knaw.nl/detail/urn:globalise:NL-HaNA_1.04.02_1235_0039	yes
1235	41	lat	https://transcriptions.globalise.huygens.knaw.nl/detail/urn:globalise:NL-HaNA_1.04.02_1235_0041	yes
1242	717	por	https://transcriptions.globalise.huygens.knaw.nl/detail/urn:globalise:NL-HaNA_1.04.02_1242_0717	yes
1274	597	lat	https://transcriptions.globalise.huygens.knaw.nl/detail/urn:globalise:NL-HaNA_1.04.02_1274_0597	yes
1274	599	lat	https://transcriptions.globalise.huygens.knaw.nl/detail/urn:globalise:NL-HaNA_1.04.02_1274_0599	yes
1293	452	msa	https://transcriptions.globalise.huygens.knaw.nl/detail/urn:globalise:NL-HaNA_1.04.02_1293_0452	yes
1298	1654	lat	https://transcriptions.globalise.huygens.knaw.nl/detail/urn:globalise:NL-HaNA_1.04.02_1298_1654	yes
1301	1768	msa	https://transcriptions.globalise.huygens.knaw.nl/detail/urn:globalise:NL-HaNA_1.04.02_1301_1768	yes
1312	526	msa	https://transcriptions.globalise.huygens.knaw.nl/detail/urn:globalise:NL-HaNA_1.04.02_1312_0526	yes
1312	541	msa	https://transcriptions.globalise.huygens.knaw.nl/detail/urn:globalise:NL-HaNA_1.04.02_1312_0541	yes
1312	796	msa	https://transcriptions.globalise.huygens.knaw.nl/detail/urn:globalise:NL-HaNA_1.04.02_1312_0796	yes
1312	904	msa	https://transcriptions.globalise.huygens.knaw.nl/detail/urn:globalise:NL-HaNA_1.04.02_1312_0904	yes
1317	1528	msa	https://transcriptions.globalise.huygens.knaw.nl/detail/urn:globalise:NL-HaNA_1.04.02_1317_1528	yes
1319	39	msa	https://transcriptions.globalise.huygens.knaw.nl/detail/urn:globalise:NL-HaNA_1.04.02_1319_0039	yes
1336	309	msa	https://transcriptions.globalise.huygens.knaw.nl/detail/urn:globalise:NL-HaNA_1.04.02_1336_0309	yes
1341	800	lat	https://transcriptions.globalise.huygens.knaw.nl/detail/urn:globalise:NL-HaNA_1.04.02_1341_0800	yes
1350	1760	lat	https://transcriptions.globalise.huygens.knaw.nl/detail/urn:globalise:NL-HaNA_1.04.02_1350_1760	yes
1350	1761	lat	https://transcriptions.globalise.huygens.knaw.nl/detail/urn:globalise:NL-HaNA_1.04.02_1350_1761	yes
1360	977	lat	https://transcriptions.globalise.huygens.knaw.nl/detail/urn:globalise:NL-HaNA_1.04.02_1360_0977	yes
1389	357	msa	https://transcriptions.globalise.huygens.knaw.nl/detail/urn:globalise:NL-HaNA_1.04.02_1389_0357	yes
1389	357	msa,nld	https://transcriptions.globalise.huygens.knaw.nl/detail/urn:globalise:NL-HaNA_1.04.02_1389_0357	yes
1409	617	eng	https://transcriptions.globalise.huygens.knaw.nl/detail/urn:globalise:NL-HaNA_1.04.02_1409_0617	yes
1410	1656	unknown	https://transcriptions.globalise.huygens.knaw.nl/detail/urn:globalise:NL-HaNA_1.04.02_1410_1656	yes
1422	987	por	https://transcriptions.globalise.huygens.knaw.nl/detail/urn:globalise:NL-HaNA_1.04.02_1422_0987	yes
1422	987	por,nld	https://transcriptions.globalise.huygens.knaw.nl/detail/urn:globalise:NL-HaNA_1.04.02_1422_0987	yes
1432	1425	lat	https://transcriptions.globalise.huygens.knaw.nl/detail/urn:globalise:NL-HaNA_1.04.02_1432_1425	yes
1481	1112	msa	https://transcriptions.globalise.huygens.knaw.nl/detail/urn:globalise:NL-HaNA_1.04.02_1481_1112	yes
1490	374	fra	https://transcriptions.globalise.huygens.knaw.nl/detail/urn:globalise:NL-HaNA_1.04.02_1490_0374	yes
1490	410	fra	https://transcriptions.globalise.huygens.knaw.nl/detail/urn:globalise:NL-HaNA_1.04.02_1490_0410	yes
1497	1440	por	https://transcriptions.globalise.huygens.knaw.nl/detail/urn:globalise:NL-HaNA_1.04.02_1497_1440	yes
1507	477	por	https://transcriptions.globalise.huygens.knaw.nl/detail/urn:globalise:NL-HaNA_1.04.02_1507_0477	yes
1507	477	por,nld	https://transcriptions.globalise.huygens.knaw.nl/detail/urn:globalise:NL-HaNA_1.04.02_1507_0477	yes
1515	669	lat	https://transcriptions.globalise.huygens.knaw.nl/detail/urn:globalise:NL-HaNA_1.04.02_1515_0669	yes
1515	669	nld,msa	https://transcriptions.globalise.huygens.knaw.nl/detail/urn:globalise:NL-HaNA_1.04.02_1515_0669	yes
1515	949	msa	https://transcriptions.globalise.huygens.knaw.nl/detail/urn:globalise:NL-HaNA_1.04.02_1515_0949	yes
1515	950	msa	https://transcriptions.globalise.huygens.knaw.nl/detail/urn:globalise:NL-HaNA_1.04.02_1515_0950	yes
1515	953	msa	https://transcriptions.globalise.huygens.knaw.nl/detail/urn:globalise:NL-HaNA_1.04.02_1515_0953	yes
1515	976	msa	https://transcriptions.globalise.huygens.knaw.nl/detail/urn:globalise:NL-HaNA_1.04.02_1515_0976	yes
1515	1000	msa	https://transcriptions.globalise.huygens.knaw.nl/detail/urn:globalise:NL-HaNA_1.04.02_1515_1000	yes
1515	1001	msa	https://transcriptions.globalise.huygens.knaw.nl/detail/urn:globalise:NL-HaNA_1.04.02_1515_1001	yes
1515	1006	msa	https://transcriptions.globalise.huygens.knaw.nl/detail/urn:globalise:NL-HaNA_1.04.02_1515_1006	yes
1515	1128	msa	https://transcriptions.globalise.huygens.knaw.nl/detail/urn:globalise:NL-HaNA_1.04.02_1515_1128	yes
1515	1130	msa	https://transcriptions.globalise.huygens.knaw.nl/detail/urn:globalise:NL-HaNA_1.04.02_1515_1130	yes
1515	1193	msa	https://transcriptions.globalise.huygens.knaw.nl/detail/urn:globalise:NL-HaNA_1.04.02_1515_1193	yes
1533	27	msa	https://transcriptions.globalise.huygens.knaw.nl/detail/urn:globalise:NL-HaNA_1.04.02_1533_0027	yes
1533	42	msa	https://transcriptions.globalise.huygens.knaw.nl/detail/urn:globalise:NL-HaNA_1.04.02_1533_0042	yes
1533	44	msa	https://transcriptions.globalise.huygens.knaw.nl/detail/urn:globalise:NL-HaNA_1.04.02_1533_0044	yes
1533	45	msa	https://transcriptions.globalise.huygens.knaw.nl/detail/urn:globalise:NL-HaNA_1.04.02_1533_0045	yes
1533	53	msa	https://transcriptions.globalise.huygens.knaw.nl/detail/urn:globalise:NL-HaNA_1.04.02_1533_0053	yes
1533	55	msa	https://transcriptions.globalise.huygens.knaw.nl/detail/urn:globalise:NL-HaNA_1.04.02_1533_0055	yes
1533	56	msa	https://transcriptions.globalise.huygens.knaw.nl/detail/urn:globalise:NL-HaNA_1.04.02_1533_0056	yes
1533	73	msa	https://transcriptions.globalise.huygens.knaw.nl/detail/urn:globalise:NL-HaNA_1.04.02_1533_0073	yes
1533	103	msa	https://transcriptions.globalise.huygens.knaw.nl/detail/urn:globalise:NL-HaNA_1.04.02_1533_0103	yes
1533	143	msa	https://transcriptions.globalise.huygens.knaw.nl/detail/urn:globalise:NL-HaNA_1.04.02_1533_0143	yes
1533	150	msa	https://transcriptions.globalise.huygens.knaw.nl/detail/urn:globalise:NL-HaNA_1.04.02_1533_0150	yes
1533	185	msa	https://transcriptions.globalise.huygens.knaw.nl/detail/urn:globalise:NL-HaNA_1.04.02_1533_0185	yes
1533	210	msa	https://transcriptions.globalise.huygens.knaw.nl/detail/urn:globalise:NL-HaNA_1.04.02_1533_0210	yes
1533	261	msa	https://transcriptions.globalise.huygens.knaw.nl/detail/urn:globalise:NL-HaNA_1.04.02_1533_0261	yes
1533	276	msa	https://transcriptions.globalise.huygens.knaw.nl/detail/urn:globalise:NL-HaNA_1.04.02_1533_0276	yes
1533	277	msa	https://transcriptions.globalise.huygens.knaw.nl/detail/urn:globalise:NL-HaNA_1.04.02_1533_0277	yes
1533	313	msa	https://transcriptions.globalise.huygens.knaw.nl/detail/urn:globalise:NL-HaNA_1.04.02_1533_0313	yes
1533	314	msa	https://transcriptions.globalise.huygens.knaw.nl/detail/urn:globalise:NL-HaNA_1.04.02_1533_0314	yes
1533	390	msa	https://transcriptions.globalise.huygens.knaw.nl/detail/urn:globalise:NL-HaNA_1.04.02_1533_0390	yes
1533	405	msa	https://transcriptions.globalise.huygens.knaw.nl/detail/urn:globalise:NL-HaNA_1.04.02_1533_0405	yes
1533	406	msa	https://transcriptions.globalise.huygens.knaw.nl/detail/urn:globalise:NL-HaNA_1.04.02_1533_0406	yes
1533	407	msa	https://transcriptions.globalise.huygens.knaw.nl/detail/urn:globalise:NL-HaNA_1.04.02_1533_0407	yes
1533	408	msa	https://transcriptions.globalise.huygens.knaw.nl/detail/urn:globalise:NL-HaNA_1.04.02_1533_0408	yes
1533	409	msa	https://transcriptions.globalise.huygens.knaw.nl/detail/urn:globalise:NL-HaNA_1.04.02_1533_0409	yes
1533	419	msa	https://transcriptions.globalise.huygens.knaw.nl/detail/urn:globalise:NL-HaNA_1.04.02_1533_0419	yes
1533	439	msa	https://transcriptions.globalise.huygens.knaw.nl/detail/urn:globalise:NL-HaNA_1.04.02_1533_0439	yes
1533	441	msa	https://transcriptions.globalise.huygens.knaw.nl/detail/urn:globalise:NL-HaNA_1.04.02_1533_0441	yes
1533	444	msa	https://transcriptions.globalise.huygens.knaw.nl/detail/urn:globalise:NL-HaNA_1.04.02_1533_0444	yes
1533	465	msa	https://transcriptions.globalise.huygens.knaw.nl/detail/urn:globalise:NL-HaNA_1.04.02_1533_0465	yes
1533	466	msa	https://transcriptions.globalise.huygens.knaw.nl/detail/urn:globalise:NL-HaNA_1.04.02_1533_0466	yes
1533	475	msa	https://transcriptions.globalise.huygens.knaw.nl/detail/urn:globalise:NL-HaNA_1.04.02_1533_0475	yes
1533	478	msa	https://transcriptions.globalise.huygens.knaw.nl/detail/urn:globalise:NL-HaNA_1.04.02_1533_0478	yes
1533	499	msa	https://transcriptions.globalise.huygens.knaw.nl/detail/urn:globalise:NL-HaNA_1.04.02_1533_0499	yes
1533	505	msa	https://transcriptions.globalise.huygens.knaw.nl/detail/urn:globalise:NL-HaNA_1.04.02_1533_0505	yes
1533	529	msa	https://transcriptions.globalise.huygens.knaw.nl/detail/urn:globalise:NL-HaNA_1.04.02_1533_0529	yes
1533	530	msa	https://transcriptions.globalise.huygens.knaw.nl/detail/urn:globalise:NL-HaNA_1.04.02_1533_0530	yes
1533	535	msa	https://transcriptions.globalise.huygens.knaw.nl/detail/urn:globalise:NL-HaNA_1.04.02_1533_0535	yes
1533	536	msa	https://transcriptions.globalise.huygens.knaw.nl/detail/urn:globalise:NL-HaNA_1.04.02_1533_0536	yes
1533	539	msa	https://transcriptions.globalise.huygens.knaw.nl/detail/urn:globalise:NL-HaNA_1.04.02_1533_0539	yes
1533	541	msa	https://transcriptions.globalise.huygens.knaw.nl/detail/urn:globalise:NL-HaNA_1.04.02_1533_0541	yes
1533	542	msa	https://transcriptions.globalise.huygens.knaw.nl/detail/urn:globalise:NL-HaNA_1.04.02_1533_0542	yes
1533	547	msa	https://transcriptions.globalise.huygens.knaw.nl/detail/urn:globalise:NL-HaNA_1.04.02_1533_0547	yes
1533	548	msa	https://transcriptions.globalise.huygens.knaw.nl/detail/urn:globalise:NL-HaNA_1.04.02_1533_0548	yes
1533	549	msa	https://transcriptions.globalise.huygens.knaw.nl/detail/urn:globalise:NL-HaNA_1.04.02_1533_0549	yes
1533	551	msa	https://transcriptions.globalise.huygens.knaw.nl/detail/urn:globalise:NL-HaNA_1.04.02_1533_0551	yes
1533	554	msa	https://transcriptions.globalise.huygens.knaw.nl/detail/urn:globalise:NL-HaNA_1.04.02_1533_0554	yes
1533	556	msa	https://transcriptions.globalise.huygens.knaw.nl/detail/urn:globalise:NL-HaNA_1.04.02_1533_0556	yes
1533	558	msa	https://transcriptions.globalise.huygens.knaw.nl/detail/urn:globalise:NL-HaNA_1.04.02_1533_0558	yes
1533	559	msa	https://transcriptions.globalise.huygens.knaw.nl/detail/urn:globalise:NL-HaNA_1.04.02_1533_0559	yes
1533	560	msa	https://transcriptions.globalise.huygens.knaw.nl/detail/urn:globalise:NL-HaNA_1.04.02_1533_0560	yes
1533	565	msa	https://transcriptions.globalise.huygens.knaw.nl/detail/urn:globalise:NL-HaNA_1.04.02_1533_0565	yes
1533	568	msa	https://transcriptions.globalise.huygens.knaw.nl/detail/urn:globalise:NL-HaNA_1.04.02_1533_0568	yes
1533	570	msa	https://transcriptions.globalise.huygens.knaw.nl/detail/urn:globalise:NL-HaNA_1.04.02_1533_0570	yes
1533	1002	msa	https://transcriptions.globalise.huygens.knaw.nl/detail/urn:globalise:NL-HaNA_1.04.02_1533_1002	yes
1533	1040	msa	https://transcriptions.globalise.huygens.knaw.nl/detail/urn:globalise:NL-HaNA_1.04.02_1533_1040	yes
1554	593	msa	https://transcriptions.globalise.huygens.knaw.nl/detail/urn:globalise:NL-HaNA_1.04.02_1554_0593	yes
1554	594	msa	https://transcriptions.globalise.huygens.knaw.nl/detail/urn:globalise:NL-HaNA_1.04.02_1554_0594	yes
1554	604	msa	https://transcriptions.globalise.huygens.knaw.nl/detail/urn:globalise:NL-HaNA_1.04.02_1554_0604	yes
1554	614	msa	https://transcriptions.globalise.huygens.knaw.nl/detail/urn:globalise:NL-HaNA_1.04.02_1554_0614	yes
1554	616	msa	https://transcriptions.globalise.huygens.knaw.nl/detail/urn:globalise:NL-HaNA_1.04.02_1554_0616	yes
1554	617	msa	https://transcriptions.globalise.huygens.knaw.nl/detail/urn:globalise:NL-HaNA_1.04.02_1554_0617	yes
1554	625	msa	https://transcriptions.globalise.huygens.knaw.nl/detail/urn:globalise:NL-HaNA_1.04.02_1554_0625	yes
1554	634	msa	https://transcriptions.globalise.huygens.knaw.nl/detail/urn:globalise:NL-HaNA_1.04.02_1554_0634	yes
1554	635	msa	https://transcriptions.globalise.huygens.knaw.nl/detail/urn:globalise:NL-HaNA_1.04.02_1554_0635	yes
1554	654	msa	https://transcriptions.globalise.huygens.knaw.nl/detail/urn:globalise:NL-HaNA_1.04.02_1554_0654	yes
1554	670	msa	https://transcriptions.globalise.huygens.knaw.nl/detail/urn:globalise:NL-HaNA_1.04.02_1554_0670	yes
1554	705	msa	https://transcriptions.globalise.huygens.knaw.nl/detail/urn:globalise:NL-HaNA_1.04.02_1554_0705	yes
1554	732	msa	https://transcriptions.globalise.huygens.knaw.nl/detail/urn:globalise:NL-HaNA_1.04.02_1554_0732	yes
1554	733	msa	https://transcriptions.globalise.huygens.knaw.nl/detail/urn:globalise:NL-HaNA_1.04.02_1554_0733	yes
1554	751	msa	https://transcriptions.globalise.huygens.knaw.nl/detail/urn:globalise:NL-HaNA_1.04.02_1554_0751	yes
1554	794	msa	https://transcriptions.globalise.huygens.knaw.nl/detail/urn:globalise:NL-HaNA_1.04.02_1554_0794	yes
1554	807	msa	https://transcriptions.globalise.huygens.knaw.nl/detail/urn:globalise:NL-HaNA_1.04.02_1554_0807	yes
1554	817	msa	https://transcriptions.globalise.huygens.knaw.nl/detail/urn:globalise:NL-HaNA_1.04.02_1554_0817	yes
1554	824	msa	https://transcriptions.globalise.huygens.knaw.nl/detail/urn:globalise:NL-HaNA_1.04.02_1554_0824	yes
1554	840	msa	https://transcriptions.globalise.huygens.knaw.nl/detail/urn:globalise:NL-HaNA_1.04.02_1554_0840	yes
1554	863	msa	https://transcriptions.globalise.huygens.knaw.nl/detail/urn:globalise:NL-HaNA_1.04.02_1554_0863	yes
1554	907	msa	https://transcriptions.globalise.huygens.knaw.nl/detail/urn:globalise:NL-HaNA_1.04.02_1554_0907	yes
1565	441	lat	https://transcriptions.globalise.huygens.knaw.nl/detail/urn:globalise:NL-HaNA_1.04.02_1565_0441	yes
1565	442	lat	https://transcriptions.globalise.huygens.knaw.nl/detail/urn:globalise:NL-HaNA_1.04.02_1565_0442	yes
1591	605	lat	https://transcriptions.globalise.huygens.knaw.nl/detail/urn:globalise:NL-HaNA_1.04.02_1591_0605	yes
1591	606	lat	https://transcriptions.globalise.huygens.knaw.nl/detail/urn:globalise:NL-HaNA_1.04.02_1591_0606	yes
1593	721	por	https://transcriptions.globalise.huygens.knaw.nl/detail/urn:globalise:NL-HaNA_1.04.02_1593_0721	yes
1603	526	lat	https://transcriptions.globalise.huygens.knaw.nl/detail/urn:globalise:NL-HaNA_1.04.02_1603_0526	yes
1605	907	lat	https://transcriptions.globalise.huygens.knaw.nl/detail/urn:globalise:NL-HaNA_1.04.02_1605_0907	yes
1605	989	lat	https://transcriptions.globalise.huygens.knaw.nl/detail/urn:globalise:NL-HaNA_1.04.02_1605_0989	yes
1616	590	lat	https://transcriptions.globalise.huygens.knaw.nl/detail/urn:globalise:NL-HaNA_1.04.02_1616_0590	yes
1616	592	lat	https://transcriptions.globalise.huygens.knaw.nl/detail/urn:globalise:NL-HaNA_1.04.02_1616_0592	yes
1616	637	lat	https://transcriptions.globalise.huygens.knaw.nl/detail/urn:globalise:NL-HaNA_1.04.02_1616_0637	yes
1616	638	lat	https://transcriptions.globalise.huygens.knaw.nl/detail/urn:globalise:NL-HaNA_1.04.02_1616_0638	yes
1632	437	lat	https://transcriptions.globalise.huygens.knaw.nl/detail/urn:globalise:NL-HaNA_1.04.02_1632_0437	yes
1718	1179	lat	https://transcriptions.globalise.huygens.knaw.nl/detail/urn:globalise:NL-HaNA_1.04.02_1718_1179	yes
1718	1180	fra	https://transcriptions.globalise.huygens.knaw.nl/detail/urn:globalise:NL-HaNA_1.04.02_1718_1180	yes
1756	1193	lat	https://transcriptions.globalise.huygens.knaw.nl/detail/urn:globalise:NL-HaNA_1.04.02_1756_1193	yes
1756	1196	lat	https://transcriptions.globalise.huygens.knaw.nl/detail/urn:globalise:NL-HaNA_1.04.02_1756_1196	yes
1769	968	lat	https://transcriptions.globalise.huygens.knaw.nl/detail/urn:globalise:NL-HaNA_1.04.02_1769_0968	yes
1769	970	lat	https://transcriptions.globalise.huygens.knaw.nl/detail/urn:globalise:NL-HaNA_1.04.02_1769_0970	yes
1780	836	msa	https://transcriptions.globalise.huygens.knaw.nl/detail/urn:globalise:NL-HaNA_1.04.02_1780_0836	yes
1818	617	por	https://transcriptions.globalise.huygens.knaw.nl/detail/urn:globalise:NL-HaNA_1.04.02_1818_0617	yes
1865	815	deu	https://transcriptions.globalise.huygens.knaw.nl/detail/urn:globalise:NL-HaNA_1.04.02_1865_0815	yes
1865	817	deu	https://transcriptions.globalise.huygens.knaw.nl/detail/urn:globalise:NL-HaNA_1.04.02_1865_0817	yes
1865	851	dan	https://transcriptions.globalise.huygens.knaw.nl/detail/urn:globalise:NL-HaNA_1.04.02_1865_0851	yes
1865	853	dan	https://transcriptions.globalise.huygens.knaw.nl/detail/urn:globalise:NL-HaNA_1.04.02_1865_0853	yes
1865	854	dan	https://transcriptions.globalise.huygens.knaw.nl/detail/urn:globalise:NL-HaNA_1.04.02_1865_0854	yes
1881	235	por	https://transcriptions.globalise.huygens.knaw.nl/detail/urn:globalise:NL-HaNA_1.04.02_1881_0235	yes
1881	241	por	https://transcriptions.globalise.huygens.knaw.nl/detail/urn:globalise:NL-HaNA_1.04.02_1881_0241	yes
1881	244	por	https://transcriptions.globalise.huygens.knaw.nl/detail/urn:globalise:NL-HaNA_1.04.02_1881_0244	yes
1881	270	eng	https://transcriptions.globalise.huygens.knaw.nl/detail/urn:globalise:NL-HaNA_1.04.02_1881_0270	yes
1921	32	fort	https://transcriptions.globalise.huygens.knaw.nl/detail/urn:globalise:NL-HaNA_1.04.02_1921_0032	yes
1949	255	eng	https://transcriptions.globalise.huygens.knaw.nl/detail/urn:globalise:NL-HaNA_1.04.02_1949_0255	yes
1956	927	lat	https://transcriptions.globalise.huygens.knaw.nl/detail/urn:globalise:NL-HaNA_1.04.02_1956_0927	yes
1991	149	lat	https://transcriptions.globalise.huygens.knaw.nl/detail/urn:globalise:NL-HaNA_1.04.02_1991_0149	yes
2000	300	lat	https://transcriptions.globalise.huygens.knaw.nl/detail/urn:globalise:NL-HaNA_1.04.02_2000_0300	yes
2000	301	lat	https://transcriptions.globalise.huygens.knaw.nl/detail/urn:globalise:NL-HaNA_1.04.02_2000_0301	yes
2000	302	lat	https://transcriptions.globalise.huygens.knaw.nl/detail/urn:globalise:NL-HaNA_1.04.02_2000_0302	yes
2000	303	lat	https://transcriptions.globalise.huygens.knaw.nl/detail/urn:globalise:NL-HaNA_1.04.02_2000_0303	yes
2000	304	lat	https://transcriptions.globalise.huygens.knaw.nl/detail/urn:globalise:NL-HaNA_1.04.02_2000_0304	yes
2026	821	lat	https://transcriptions.globalise.huygens.knaw.nl/detail/urn:globalise:NL-HaNA_1.04.02_2026_0821	yes
2029	1360	nld,msa	https://transcriptions.globalise.huygens.knaw.nl/detail/urn:globalise:NL-HaNA_1.04.02_2029_1360	yes
2104	420	lat	https://transcriptions.globalise.huygens.knaw.nl/detail/urn:globalise:NL-HaNA_1.04.02_2104_0420	yes
2104	421	lat	https://transcriptions.globalise.huygens.knaw.nl/detail/urn:globalise:NL-HaNA_1.04.02_2104_0421	yes
2143	842	lat	https://transcriptions.globalise.huygens.knaw.nl/detail/urn:globalise:NL-HaNA_1.04.02_2143_0842	yes
2151	83	lat	https://transcriptions.globalise.huygens.knaw.nl/detail/urn:globalise:NL-HaNA_1.04.02_2151_0083	yes
2178	265	lat	https://transcriptions.globalise.huygens.knaw.nl/detail/urn:globalise:NL-HaNA_1.04.02_2178_0265	yes
2240	643	lat	https://transcriptions.globalise.huygens.knaw.nl/detail/urn:globalise:NL-HaNA_1.04.02_2240_0643	yes
2240	644	lat	https://transcriptions.globalise.huygens.knaw.nl/detail/urn:globalise:NL-HaNA_1.04.02_2240_0644	yes
2240	646	lat	https://transcriptions.globalise.huygens.knaw.nl/detail/urn:globalise:NL-HaNA_1.04.02_2240_0646	yes
2240	647	lat	https://transcriptions.globalise.huygens.knaw.nl/detail/urn:globalise:NL-HaNA_1.04.02_2240_0647	yes
2248	1591	lat	https://transcriptions.globalise.huygens.knaw.nl/detail/urn:globalise:NL-HaNA_1.04.02_2248_1591	yes
2248	1592	lat	https://transcriptions.globalise.huygens.knaw.nl/detail/urn:globalise:NL-HaNA_1.04.02_2248_1592	yes
2283	1446	lat	https://transcriptions.globalise.huygens.knaw.nl/detail/urn:globalise:NL-HaNA_1.04.02_2283_1446	yes
2283	1447	lat	https://transcriptions.globalise.huygens.knaw.nl/detail/urn:globalise:NL-HaNA_1.04.02_2283_1447	yes
2283	1448	lat	https://transcriptions.globalise.huygens.knaw.nl/detail/urn:globalise:NL-HaNA_1.04.02_2283_1448	yes
2283	1451	lat	https://transcriptions.globalise.huygens.knaw.nl/detail/urn:globalise:NL-HaNA_1.04.02_2283_1451	yes
2286	1087	lat	https://transcriptions.globalise.huygens.knaw.nl/detail/urn:globalise:NL-HaNA_1.04.02_2286_1087	yes
2293	1425	lat	https://transcriptions.globalise.huygens.knaw.nl/detail/urn:globalise:NL-HaNA_1.04.02_2293_1425	yes
2293	1426	lat	https://transcriptions.globalise.huygens.knaw.nl/detail/urn:globalise:NL-HaNA_1.04.02_2293_1426	yes
2302	88	lat	https://transcriptions.globalise.huygens.knaw.nl/detail/urn:globalise:NL-HaNA_1.04.02_2302_0088	yes
2304	71	lat	https://transcriptions.globalise.huygens.knaw.nl/detail/urn:globalise:NL-HaNA_1.04.02_2304_0071	yes
2307	871	lat	https://transcriptions.globalise.huygens.knaw.nl/detail/urn:globalise:NL-HaNA_1.04.02_2307_0871	yes
2312	821	nld,msa	https://transcriptions.globalise.huygens.knaw.nl/detail/urn:globalise:NL-HaNA_1.04.02_2312_0821	yes
2313	1660	lat	https://transcriptions.globalise.huygens.knaw.nl/detail/urn:globalise:NL-HaNA_1.04.02_2313_1660	yes
2313	1661	lat	https://transcriptions.globalise.huygens.knaw.nl/detail/urn:globalise:NL-HaNA_1.04.02_2313_1661	yes
2408	563	msa	https://transcriptions.globalise.huygens.knaw.nl/detail/urn:globalise:NL-HaNA_1.04.02_2408_0563	yes
2437	1826	lat	https://transcriptions.globalise.huygens.knaw.nl/detail/urn:globalise:NL-HaNA_1.04.02_2437_1826	yes
2437	1829	lat	https://transcriptions.globalise.huygens.knaw.nl/detail/urn:globalise:NL-HaNA_1.04.02_2437_1829	yes
2437	1830	lat	https://transcriptions.globalise.huygens.knaw.nl/detail/urn:globalise:NL-HaNA_1.04.02_2437_1830	yes
2437	1831	lat	https://transcriptions.globalise.huygens.knaw.nl/detail/urn:globalise:NL-HaNA_1.04.02_2437_1831	yes
2448	2062	lat	https://transcriptions.globalise.huygens.knaw.nl/detail/urn:globalise:NL-HaNA_1.04.02_2448_2062	yes
2448	2104	lat	https://transcriptions.globalise.huygens.knaw.nl/detail/urn:globalise:NL-HaNA_1.04.02_2448_2104	yes
2460	511	deu	https://transcriptions.globalise.huygens.knaw.nl/detail/urn:globalise:NL-HaNA_1.04.02_2460_0511	yes
2460	513	deu	https://transcriptions.globalise.huygens.knaw.nl/detail/urn:globalise:NL-HaNA_1.04.02_2460_0513	yes
2476	390	lat	https://transcriptions.globalise.huygens.knaw.nl/detail/urn:globalise:NL-HaNA_1.04.02_2476_0390	yes
2476	428	lat	https://transcriptions.globalise.huygens.knaw.nl/detail/urn:globalise:NL-HaNA_1.04.02_2476_0428	yes
2477	243	lat	https://transcriptions.globalise.huygens.knaw.nl/detail/urn:globalise:NL-HaNA_1.04.02_2477_0243	yes
2499	620	nld,msa	https://transcriptions.globalise.huygens.knaw.nl/detail/urn:globalise:NL-HaNA_1.04.02_2499_0620	yes
2499	642	msa	https://transcriptions.globalise.huygens.knaw.nl/detail/urn:globalise:NL-HaNA_1.04.02_2499_0642	yes
2502	838	lat	https://transcriptions.globalise.huygens.knaw.nl/detail/urn:globalise:NL-HaNA_1.04.02_2502_0838	yes
2502	839	lat	https://transcriptions.globalise.huygens.knaw.nl/detail/urn:globalise:NL-HaNA_1.04.02_2502_0839	yes
2502	840	lat	https://transcriptions.globalise.huygens.knaw.nl/detail/urn:globalise:NL-HaNA_1.04.02_2502_0840	yes
2504	720	lat	https://transcriptions.globalise.huygens.knaw.nl/detail/urn:globalise:NL-HaNA_1.04.02_2504_0720	yes
2504	721	lat	https://transcriptions.globalise.huygens.knaw.nl/detail/urn:globalise:NL-HaNA_1.04.02_2504_0721	yes
2504	722	lat	https://transcriptions.globalise.huygens.knaw.nl/detail/urn:globalise:NL-HaNA_1.04.02_2504_0722	yes
2508	1309	lat	https://transcriptions.globalise.huygens.knaw.nl/detail/urn:globalise:NL-HaNA_1.04.02_2508_1309	yes
2510	409	lat	https://transcriptions.globalise.huygens.knaw.nl/detail/urn:globalise:NL-HaNA_1.04.02_2510_0409	yes
2510	410	lat	https://transcriptions.globalise.huygens.knaw.nl/detail/urn:globalise:NL-HaNA_1.04.02_2510_0410	yes
2510	1526	lat	https://transcriptions.globalise.huygens.knaw.nl/detail/urn:globalise:NL-HaNA_1.04.02_2510_1526	yes
2511	427	lat	https://transcriptions.globalise.huygens.knaw.nl/detail/urn:globalise:NL-HaNA_1.04.02_2511_0427	yes
2511	643	lat	https://transcriptions.globalise.huygens.knaw.nl/detail/urn:globalise:NL-HaNA_1.04.02_2511_0643	yes
2515	744	lat	https://transcriptions.globalise.huygens.knaw.nl/detail/urn:globalise:NL-HaNA_1.04.02_2515_0744	yes
2515	745	lat	https://transcriptions.globalise.huygens.knaw.nl/detail/urn:globalise:NL-HaNA_1.04.02_2515_0745	yes
2515	746	lat	https://transcriptions.globalise.huygens.knaw.nl/detail/urn:globalise:NL-HaNA_1.04.02_2515_0746	yes
2515	747	lat	https://transcriptions.globalise.huygens.knaw.nl/detail/urn:globalise:NL-HaNA_1.04.02_2515_0747	yes
2515	748	lat	https://transcriptions.globalise.huygens.knaw.nl/detail/urn:globalise:NL-HaNA_1.04.02_2515_0748	yes
2515	749	lat	https://transcriptions.globalise.huygens.knaw.nl/detail/urn:globalise:NL-HaNA_1.04.02_2515_0749	yes
2515	750	lat	https://transcriptions.globalise.huygens.knaw.nl/detail/urn:globalise:NL-HaNA_1.04.02_2515_0750	yes
2515	751	lat	https://transcriptions.globalise.huygens.knaw.nl/detail/urn:globalise:NL-HaNA_1.04.02_2515_0751	yes
2530	529	lat	https://transcriptions.globalise.huygens.knaw.nl/detail/urn:globalise:NL-HaNA_1.04.02_2530_0529	yes
2530	530	lat	https://transcriptions.globalise.huygens.knaw.nl/detail/urn:globalise:NL-HaNA_1.04.02_2530_0530	yes
2533	1024	msa	https://transcriptions.globalise.huygens.knaw.nl/detail/urn:globalise:NL-HaNA_1.04.02_2533_1024	yes
2533	1414	lat	https://transcriptions.globalise.huygens.knaw.nl/detail/urn:globalise:NL-HaNA_1.04.02_2533_1414	yes
2534	709	lat	https://transcriptions.globalise.huygens.knaw.nl/detail/urn:globalise:NL-HaNA_1.04.02_2534_0709	yes
2534	711	lat	https://transcriptions.globalise.huygens.knaw.nl/detail/urn:globalise:NL-HaNA_1.04.02_2534_0711	yes
2534	712	lat	https://transcriptions.globalise.huygens.knaw.nl/detail/urn:globalise:NL-HaNA_1.04.02_2534_0712	yes
2546	329	lat	https://transcriptions.globalise.huygens.knaw.nl/detail/urn:globalise:NL-HaNA_1.04.02_2546_0329	yes
2549	1389	lat	https://transcriptions.globalise.huygens.knaw.nl/detail/urn:globalise:NL-HaNA_1.04.02_2549_1389	yes
2615	1030	spa	https://transcriptions.globalise.huygens.knaw.nl/detail/urn:globalise:NL-HaNA_1.04.02_2615_1030	yes
2615	1032	por	https://transcriptions.globalise.huygens.knaw.nl/detail/urn:globalise:NL-HaNA_1.04.02_2615_1032	yes
2615	1036	spa	https://transcriptions.globalise.huygens.knaw.nl/detail/urn:globalise:NL-HaNA_1.04.02_2615_1036	yes
2680	344	lat	https://transcriptions.globalise.huygens.knaw.nl/detail/urn:globalise:NL-HaNA_1.04.02_2680_0344	yes
2680	754	lat	https://transcriptions.globalise.huygens.knaw.nl/detail/urn:globalise:NL-HaNA_1.04.02_2680_0754	yes
2742	775	lat	https://transcriptions.globalise.huygens.knaw.nl/detail/urn:globalise:NL-HaNA_1.04.02_2742_0775	yes
2764	479	lat	https://transcriptions.globalise.huygens.knaw.nl/detail/urn:globalise:NL-HaNA_1.04.02_2764_0479	yes
2781	1087	lat	https://transcriptions.globalise.huygens.knaw.nl/detail/urn:globalise:NL-HaNA_1.04.02_2781_1087	yes
3100	494	lat	https://transcriptions.globalise.huygens.knaw.nl/detail/urn:globalise:NL-HaNA_1.04.02_3100_0494	yes
3109	67	lat	https://transcriptions.globalise.huygens.knaw.nl/detail/urn:globalise:NL-HaNA_1.04.02_3109_0067	yes
3109	69	lat	https://transcriptions.globalise.huygens.knaw.nl/detail/urn:globalise:NL-HaNA_1.04.02_3109_0069	yes
3137	62	lat	https://transcriptions.globalise.huygens.knaw.nl/detail/urn:globalise:NL-HaNA_1.04.02_3137_0062	yes
3161	72	eng	https://transcriptions.globalise.huygens.knaw.nl/detail/urn:globalise:NL-HaNA_1.04.02_3161_0072	yes
3163	94	spa	https://transcriptions.globalise.huygens.knaw.nl/detail/urn:globalise:NL-HaNA_1.04.02_3163_0094	yes
3163	95	spa	https://transcriptions.globalise.huygens.knaw.nl/detail/urn:globalise:NL-HaNA_1.04.02_3163_0095	yes
3163	101	spa	https://transcriptions.globalise.huygens.knaw.nl/detail/urn:globalise:NL-HaNA_1.04.02_3163_0101	yes
3163	120	spa	https://transcriptions.globalise.huygens.knaw.nl/detail/urn:globalise:NL-HaNA_1.04.02_3163_0120	yes
3163	123	spa	https://transcriptions.globalise.huygens.knaw.nl/detail/urn:globalise:NL-HaNA_1.04.02_3163_0123	yes
3214	590	nld,msa	https://transcriptions.globalise.huygens.knaw.nl/detail/urn:globalise:NL-HaNA_1.04.02_3214_0590	yes
3222	211	spa	https://transcriptions.globalise.huygens.knaw.nl/detail/urn:globalise:NL-HaNA_1.04.02_3222_0211	yes
3226	981	fra	https://transcriptions.globalise.huygens.knaw.nl/detail/urn:globalise:NL-HaNA_1.04.02_3226_0981	yes
3238	385	eng	https://transcriptions.globalise.huygens.knaw.nl/detail/urn:globalise:NL-HaNA_1.04.02_3238_0385	yes
3240	932	lat	https://transcriptions.globalise.huygens.knaw.nl/detail/urn:globalise:NL-HaNA_1.04.02_3240_0932	yes
3242	567	lat	https://transcriptions.globalise.huygens.knaw.nl/detail/urn:globalise:NL-HaNA_1.04.02_3242_0567	yes
3242	569	lat	https://transcriptions.globalise.huygens.knaw.nl/detail/urn:globalise:NL-HaNA_1.04.02_3242_0569	yes
3247	666	lat	https://transcriptions.globalise.huygens.knaw.nl/detail/urn:globalise:NL-HaNA_1.04.02_3247_0666	yes
3252	218	fra	https://transcriptions.globalise.huygens.knaw.nl/detail/urn:globalise:NL-HaNA_1.04.02_3252_0218	yes
3331	1158	lat	https://transcriptions.globalise.huygens.knaw.nl/detail/urn:globalise:NL-HaNA_1.04.02_3331_1158	yes
3331	1159	lat	https://transcriptions.globalise.huygens.knaw.nl/detail/urn:globalise:NL-HaNA_1.04.02_3331_1159	yes
3337	978	msa	https://transcriptions.globalise.huygens.knaw.nl/detail/urn:globalise:NL-HaNA_1.04.02_3337_0978	yes
3357	809	msa	https://transcriptions.globalise.huygens.knaw.nl/detail/urn:globalise:NL-HaNA_1.04.02_3357_0809	yes
3362	697	nld,msa	https://transcriptions.globalise.huygens.knaw.nl/detail/urn:globalise:NL-HaNA_1.04.02_3362_0697	yes
3362	726	msa	https://transcriptions.globalise.huygens.knaw.nl/detail/urn:globalise:NL-HaNA_1.04.02_3362_0726	yes
3362	815	nld,msa	https://transcriptions.globalise.huygens.knaw.nl/detail/urn:globalise:NL-HaNA_1.04.02_3362_0815	yes
3383	527	msa	https://transcriptions.globalise.huygens.knaw.nl/detail/urn:globalise:NL-HaNA_1.04.02_3383_0527	yes
3388	125	nld,msa	https://transcriptions.globalise.huygens.knaw.nl/detail/urn:globalise:NL-HaNA_1.04.02_3388_0125	yes
3388	126	nld,msa	https://transcriptions.globalise.huygens.knaw.nl/detail/urn:globalise:NL-HaNA_1.04.02_3388_0126	yes
3388	127	nld,msa	https://transcriptions.globalise.huygens.knaw.nl/detail/urn:globalise:NL-HaNA_1.04.02_3388_0127	yes
3388	130	nld,msa	https://transcriptions.globalise.huygens.knaw.nl/detail/urn:globalise:NL-HaNA_1.04.02_3388_0130	yes
3388	134	nld,msa	https://transcriptions.globalise.huygens.knaw.nl/detail/urn:globalise:NL-HaNA_1.04.02_3388_0134	yes
3388	144	nld,msa	https://transcriptions.globalise.huygens.knaw.nl/detail/urn:globalise:NL-HaNA_1.04.02_3388_0144	yes
3388	146	msa	https://transcriptions.globalise.huygens.knaw.nl/detail/urn:globalise:NL-HaNA_1.04.02_3388_0146	yes
3388	147	nld,msa	https://transcriptions.globalise.huygens.knaw.nl/detail/urn:globalise:NL-HaNA_1.04.02_3388_0147	yes
3388	152	nld,msa	https://transcriptions.globalise.huygens.knaw.nl/detail/urn:globalise:NL-HaNA_1.04.02_3388_0152	yes
3388	249	nld,msa	https://transcriptions.globalise.huygens.knaw.nl/detail/urn:globalise:NL-HaNA_1.04.02_3388_0249	yes
3444	381	nld,msa	https://transcriptions.globalise.huygens.knaw.nl/detail/urn:globalise:NL-HaNA_1.04.02_3444_0381	yes
3444	383	nld,msa	https://transcriptions.globalise.huygens.knaw.nl/detail/urn:globalise:NL-HaNA_1.04.02_3444_0383	yes
3444	396	nld,msa	https://transcriptions.globalise.huygens.knaw.nl/detail/urn:globalise:NL-HaNA_1.04.02_3444_0396	yes
3468	1210	msa	https://transcriptions.globalise.huygens.knaw.nl/detail/urn:globalise:NL-HaNA_1.04.02_3468_1210	yes
3468	1652	msa	https://transcriptions.globalise.huygens.knaw.nl/detail/urn:globalise:NL-HaNA_1.04.02_3468_1652	yes
3476	673	fra	https://transcriptions.globalise.huygens.knaw.nl/detail/urn:globalise:NL-HaNA_1.04.02_3476_0673	yes
3476	686	por	https://transcriptions.globalise.huygens.knaw.nl/detail/urn:globalise:NL-HaNA_1.04.02_3476_0686	yes
3476	686	spa	https://transcriptions.globalise.huygens.knaw.nl/detail/urn:globalise:NL-HaNA_1.04.02_3476_0686	yes
3476	688	spa	https://transcriptions.globalise.huygens.knaw.nl/detail/urn:globalise:NL-HaNA_1.04.02_3476_0688	yes
3478	904	eng	https://transcriptions.globalise.huygens.knaw.nl/detail/urn:globalise:NL-HaNA_1.04.02_3478_0904	yes
3492	840	lat	https://transcriptions.globalise.huygens.knaw.nl/detail/urn:globalise:NL-HaNA_1.04.02_3492_0840	yes
3497	440	nld,msa	https://transcriptions.globalise.huygens.knaw.nl/detail/urn:globalise:NL-HaNA_1.04.02_3497_0440	yes
3497	442	nld,msa	https://transcriptions.globalise.huygens.knaw.nl/detail/urn:globalise:NL-HaNA_1.04.02_3497_0442	yes
3523	768	lat	https://transcriptions.globalise.huygens.knaw.nl/detail/urn:globalise:NL-HaNA_1.04.02_3523_0768	yes
3527	198	nld,msa	https://transcriptions.globalise.huygens.knaw.nl/detail/urn:globalise:NL-HaNA_1.04.02_3527_0198	yes
3527	560	msa	https://transcriptions.globalise.huygens.knaw.nl/detail/urn:globalise:NL-HaNA_1.04.02_3527_0560	yes
3531	510	msa	https://transcriptions.globalise.huygens.knaw.nl/detail/urn:globalise:NL-HaNA_1.04.02_3531_0510	yes
3531	511	msa	https://transcriptions.globalise.huygens.knaw.nl/detail/urn:globalise:NL-HaNA_1.04.02_3531_0511	yes
3531	515	msa	https://transcriptions.globalise.huygens.knaw.nl/detail/urn:globalise:NL-HaNA_1.04.02_3531_0515	yes
3551	497	lat	https://transcriptions.globalise.huygens.knaw.nl/detail/urn:globalise:NL-HaNA_1.04.02_3551_0497	yes
3565	871	eng	https://transcriptions.globalise.huygens.knaw.nl/detail/urn:globalise:NL-HaNA_1.04.02_3565_0871	yes
3593	395	por	https://transcriptions.globalise.huygens.knaw.nl/detail/urn:globalise:NL-HaNA_1.04.02_3593_0395	yes
3593	396	por	https://transcriptions.globalise.huygens.knaw.nl/detail/urn:globalise:NL-HaNA_1.04.02_3593_0396	yes
3597	705	msa	https://transcriptions.globalise.huygens.knaw.nl/detail/urn:globalise:NL-HaNA_1.04.02_3597_0705	yes
3607	407	fra	https://transcriptions.globalise.huygens.knaw.nl/detail/urn:globalise:NL-HaNA_1.04.02_3607_0407	yes
3662	204	fra	https://transcriptions.globalise.huygens.knaw.nl/detail/urn:globalise:NL-HaNA_1.04.02_3662_0204	yes
3662	206	fra	https://transcriptions.globalise.huygens.knaw.nl/detail/urn:globalise:NL-HaNA_1.04.02_3662_0206	yes
3662	208	fra	https://transcriptions.globalise.huygens.knaw.nl/detail/urn:globalise:NL-HaNA_1.04.02_3662_0208	yes
3687	549	eng	https://transcriptions.globalise.huygens.knaw.nl/detail/urn:globalise:NL-HaNA_1.04.02_3687_0549	yes
3687	550	eng	https://transcriptions.globalise.huygens.knaw.nl/detail/urn:globalise:NL-HaNA_1.04.02_3687_0550	yes
3687	552	eng	https://transcriptions.globalise.huygens.knaw.nl/detail/urn:globalise:NL-HaNA_1.04.02_3687_0552	yes
3732	528	nld,msa	https://transcriptions.globalise.huygens.knaw.nl/detail/urn:globalise:NL-HaNA_1.04.02_3732_0528	yes
3773	323	fra	https://transcriptions.globalise.huygens.knaw.nl/detail/urn:globalise:NL-HaNA_1.04.02_3773_0323	yes
3773	331	fra	https://transcriptions.globalise.huygens.knaw.nl/detail/urn:globalise:NL-HaNA_1.04.02_3773_0331	yes
3779	87	por	https://transcriptions.globalise.huygens.knaw.nl/detail/urn:globalise:NL-HaNA_1.04.02_3779_0087	yes
3780	93	lat	https://transcriptions.globalise.huygens.knaw.nl/detail/urn:globalise:NL-HaNA_1.04.02_3780_0093	yes
3780	94	lat	https://transcriptions.globalise.huygens.knaw.nl/detail/urn:globalise:NL-HaNA_1.04.02_3780_0094	yes
3780	95	lat	https://transcriptions.globalise.huygens.knaw.nl/detail/urn:globalise:NL-HaNA_1.04.02_3780_0095	yes
3780	96	lat	https://transcriptions.globalise.huygens.knaw.nl/detail/urn:globalise:NL-HaNA_1.04.02_3780_0096	yes
3810	1139	nld,msa	https://transcriptions.globalise.huygens.knaw.nl/detail/urn:globalise:NL-HaNA_1.04.02_3810_1139	yes
3825	799	lat	https://transcriptions.globalise.huygens.knaw.nl/detail/urn:globalise:NL-HaNA_1.04.02_3825_0799	yes
3825	800	lat	https://transcriptions.globalise.huygens.knaw.nl/detail/urn:globalise:NL-HaNA_1.04.02_3825_0800	yes
3825	801	lat	https://transcriptions.globalise.huygens.knaw.nl/detail/urn:globalise:NL-HaNA_1.04.02_3825_0801	yes
3825	802	lat	https://transcriptions.globalise.huygens.knaw.nl/detail/urn:globalise:NL-HaNA_1.04.02_3825_0802	yes
3825	803	lat	https://transcriptions.globalise.huygens.knaw.nl/detail/urn:globalise:NL-HaNA_1.04.02_3825_0803	yes
3825	804	lat	https://transcriptions.globalise.huygens.knaw.nl/detail/urn:globalise:NL-HaNA_1.04.02_3825_0804	yes
3825	805	lat	https://transcriptions.globalise.huygens.knaw.nl/detail/urn:globalise:NL-HaNA_1.04.02_3825_0805	yes
3825	806	lat	https://transcriptions.globalise.huygens.knaw.nl/detail/urn:globalise:NL-HaNA_1.04.02_3825_0806	yes
3825	807	lat	https://transcriptions.globalise.huygens.knaw.nl/detail/urn:globalise:NL-HaNA_1.04.02_3825_0807	yes
3830	221	eng	https://transcriptions.globalise.huygens.knaw.nl/detail/urn:globalise:NL-HaNA_1.04.02_3830_0221	yes
3837	479	fra	https://transcriptions.globalise.huygens.knaw.nl/detail/urn:globalise:NL-HaNA_1.04.02_3837_0479	yes
3837	605	fra	https://transcriptions.globalise.huygens.knaw.nl/detail/urn:globalise:NL-HaNA_1.04.02_3837_0605	yes
3843	623	fra	https://transcriptions.globalise.huygens.knaw.nl/detail/urn:globalise:NL-HaNA_1.04.02_3843_0623	yes
3871	180	lat	https://transcriptions.globalise.huygens.knaw.nl/detail/urn:globalise:NL-HaNA_1.04.02_3871_0180	yes
3885	822	eng	https://transcriptions.globalise.huygens.knaw.nl/detail/urn:globalise:NL-HaNA_1.04.02_3885_0822	yes
3892	703	fra	https://transcriptions.globalise.huygens.knaw.nl/detail/urn:globalise:NL-HaNA_1.04.02_3892_0703	yes
3964	231	deu	https://transcriptions.globalise.huygens.knaw.nl/detail/urn:globalise:NL-HaNA_1.04.02_3964_0231	yes
3964	233	deu	https://transcriptions.globalise.huygens.knaw.nl/detail/urn:globalise:NL-HaNA_1.04.02_3964_0233	yes
3972	712	deu	https://transcriptions.globalise.huygens.knaw.nl/detail/urn:globalise:NL-HaNA_1.04.02_3972_0712	yes
3973	542	lat	https://transcriptions.globalise.huygens.knaw.nl/detail/urn:globalise:NL-HaNA_1.04.02_3973_0542	yes
3973	543	lat	https://transcriptions.globalise.huygens.knaw.nl/detail/urn:globalise:NL-HaNA_1.04.02_3973_0543	yes
3973	545	lat	https://transcriptions.globalise.huygens.knaw.nl/detail/urn:globalise:NL-HaNA_1.04.02_3973_0545	yes
3973	546	lat	https://transcriptions.globalise.huygens.knaw.nl/detail/urn:globalise:NL-HaNA_1.04.02_3973_0546	yes
3973	547	lat	https://transcriptions.globalise.huygens.knaw.nl/detail/urn:globalise:NL-HaNA_1.04.02_3973_0547	yes
3973	548	lat	https://transcriptions.globalise.huygens.knaw.nl/detail/urn:globalise:NL-HaNA_1.04.02_3973_0548	yes
3973	549	lat	https://transcriptions.globalise.huygens.knaw.nl/detail/urn:globalise:NL-HaNA_1.04.02_3973_0549	yes
3973	550	lat	https://transcriptions.globalise.huygens.knaw.nl/detail/urn:globalise:NL-HaNA_1.04.02_3973_0550	yes
3973	551	lat	https://transcriptions.globalise.huygens.knaw.nl/detail/urn:globalise:NL-HaNA_1.04.02_3973_0551	yes
3973	553	lat	https://transcriptions.globalise.huygens.knaw.nl/detail/urn:globalise:NL-HaNA_1.04.02_3973_0553	yes
3973	554	lat	https://transcriptions.globalise.huygens.knaw.nl/detail/urn:globalise:NL-HaNA_1.04.02_3973_0554	yes
3973	555	lat	https://transcriptions.globalise.huygens.knaw.nl/detail/urn:globalise:NL-HaNA_1.04.02_3973_0555	yes
3988	494	lat	https://transcriptions.globalise.huygens.knaw.nl/detail/urn:globalise:NL-HaNA_1.04.02_3988_0494	yes
3990	739	lat	https://transcriptions.globalise.huygens.knaw.nl/detail/urn:globalise:NL-HaNA_1.04.02_3990_0739	yes
3990	741	lat	https://transcriptions.globalise.huygens.knaw.nl/detail/urn:globalise:NL-HaNA_1.04.02_3990_0741	yes
4002	83	lat	https://transcriptions.globalise.huygens.knaw.nl/detail/urn:globalise:NL-HaNA_1.04.02_4002_0083	yes
4026	97	fra	https://transcriptions.globalise.huygens.knaw.nl/detail/urn:globalise:NL-HaNA_1.04.02_4026_0097	yes
4026	98	fra	https://transcriptions.globalise.huygens.knaw.nl/detail/urn:globalise:NL-HaNA_1.04.02_4026_0098	yes
4026	99	fra	https://transcriptions.globalise.huygens.knaw.nl/detail/urn:globalise:NL-HaNA_1.04.02_4026_0099	yes
4026	153	fra	https://transcriptions.globalise.huygens.knaw.nl/detail/urn:globalise:NL-HaNA_1.04.02_4026_0153	yes
4026	155	fra	https://transcriptions.globalise.huygens.knaw.nl/detail/urn:globalise:NL-HaNA_1.04.02_4026_0155	yes
4026	158	fra	https://transcriptions.globalise.huygens.knaw.nl/detail/urn:globalise:NL-HaNA_1.04.02_4026_0158	yes
4026	159	fra	https://transcriptions.globalise.huygens.knaw.nl/detail/urn:globalise:NL-HaNA_1.04.02_4026_0159	yes
4026	194	fra	https://transcriptions.globalise.huygens.knaw.nl/detail/urn:globalise:NL-HaNA_1.04.02_4026_0194	yes
4026	201	fra	https://transcriptions.globalise.huygens.knaw.nl/detail/urn:globalise:NL-HaNA_1.04.02_4026_0201	yes
4026	214	fra	https://transcriptions.globalise.huygens.knaw.nl/detail/urn:globalise:NL-HaNA_1.04.02_4026_0214	yes
4118	172	por	https://transcriptions.globalise.huygens.knaw.nl/detail/urn:globalise:NL-HaNA_1.04.02_4118_0172	yes
4303	94	fra	https://transcriptions.globalise.huygens.knaw.nl/detail/urn:globalise:NL-HaNA_1.04.02_4303_0094	yes
4303	99	fra	https://transcriptions.globalise.huygens.knaw.nl/detail/urn:globalise:NL-HaNA_1.04.02_4303_0099	yes
4303	184	fra	https://transcriptions.globalise.huygens.knaw.nl/detail/urn:globalise:NL-HaNA_1.04.02_4303_0184	yes
4303	209	fra	https://transcriptions.globalise.huygens.knaw.nl/detail/urn:globalise:NL-HaNA_1.04.02_4303_0209	yes
4307	179	fra	https://transcriptions.globalise.huygens.knaw.nl/detail/urn:globalise:NL-HaNA_1.04.02_4307_0179	yes
4308	419	fra	https://transcriptions.globalise.huygens.knaw.nl/detail/urn:globalise:NL-HaNA_1.04.02_4308_0419	yes
4308	420	fra	https://transcriptions.globalise.huygens.knaw.nl/detail/urn:globalise:NL-HaNA_1.04.02_4308_0420	yes
4325	75	fra	https://transcriptions.globalise.huygens.knaw.nl/detail/urn:globalise:NL-HaNA_1.04.02_4325_0075	yes
4325	130	por	https://transcriptions.globalise.huygens.knaw.nl/detail/urn:globalise:NL-HaNA_1.04.02_4325_0130	yes
4325	487	fra	https://transcriptions.globalise.huygens.knaw.nl/detail/urn:globalise:NL-HaNA_1.04.02_4325_0487	yes
4340	203	deu	https://transcriptions.globalise.huygens.knaw.nl/detail/urn:globalise:NL-HaNA_1.04.02_4340_0203	yes
4340	204	deu	https://transcriptions.globalise.huygens.knaw.nl/detail/urn:globalise:NL-HaNA_1.04.02_4340_0204	yes
4340	205	deu	https://transcriptions.globalise.huygens.knaw.nl/detail/urn:globalise:NL-HaNA_1.04.02_4340_0205	yes
4340	207	deu	https://transcriptions.globalise.huygens.knaw.nl/detail/urn:globalise:NL-HaNA_1.04.02_4340_0207	yes
4340	211	deu	https://transcriptions.globalise.huygens.knaw.nl/detail/urn:globalise:NL-HaNA_1.04.02_4340_0211	yes
4340	212	deu	https://transcriptions.globalise.huygens.knaw.nl/detail/urn:globalise:NL-HaNA_1.04.02_4340_0212	yes
4367	290	lat	https://transcriptions.globalise.huygens.knaw.nl/detail/urn:globalise:NL-HaNA_1.04.02_4367_0290	yes
4367	396	lat,nld	https://transcriptions.globalise.huygens.knaw.nl/detail/urn:globalise:NL-HaNA_1.04.02_4367_0396	yes
4384	138	deu	https://transcriptions.globalise.huygens.knaw.nl/detail/urn:globalise:NL-HaNA_1.04.02_4384_0138	yes
4409	581	lat	https://transcriptions.globalise.huygens.knaw.nl/detail/urn:globalise:NL-HaNA_1.04.02_4409_0581	yes
4409	582	lat	https://transcriptions.globalise.huygens.knaw.nl/detail/urn:globalise:NL-HaNA_1.04.02_4409_0582	yes
4411	624	lat	https://transcriptions.globalise.huygens.knaw.nl/detail/urn:globalise:NL-HaNA_1.04.02_4411_0624	yes
4422	395	lat	https://transcriptions.globalise.huygens.knaw.nl/detail/urn:globalise:NL-HaNA_1.04.02_4422_0395	yes
4422	396	lat	https://transcriptions.globalise.huygens.knaw.nl/detail/urn:globalise:NL-HaNA_1.04.02_4422_0396	yes
4422	419	lat	https://transcriptions.globalise.huygens.knaw.nl/detail/urn:globalise:NL-HaNA_1.04.02_4422_0419	yes
4426	755	por	https://transcriptions.globalise.huygens.knaw.nl/detail/urn:globalise:NL-HaNA_1.04.02_4426_0755	yes
4435	339	lat	https://transcriptions.globalise.huygens.knaw.nl/detail/urn:globalise:NL-HaNA_1.04.02_4435_0339	yes
4442	152	eng	https://transcriptions.globalise.huygens.knaw.nl/detail/urn:globalise:NL-HaNA_1.04.02_4442_0152	yes
4442	297	lat	https://transcriptions.globalise.huygens.knaw.nl/detail/urn:globalise:NL-HaNA_1.04.02_4442_0297	yes
4445	78	lat	https://transcriptions.globalise.huygens.knaw.nl/detail/urn:globalise:NL-HaNA_1.04.02_4445_0078	yes
4445	79	lat	https://transcriptions.globalise.huygens.knaw.nl/detail/urn:globalise:NL-HaNA_1.04.02_4445_0079	yes
4445	195	lat	https://transcriptions.globalise.huygens.knaw.nl/detail/urn:globalise:NL-HaNA_1.04.02_4445_0195	yes
4447	817	lat	https://transcriptions.globalise.huygens.knaw.nl/detail/urn:globalise:NL-HaNA_1.04.02_4447_0817	yes
4453	333	unknown	https://transcriptions.globalise.huygens.knaw.nl/detail/urn:globalise:NL-HaNA_1.04.02_4453_0333	yes
7529	1653	lat	https://transcriptions.globalise.huygens.knaw.nl/detail/urn:globalise:NL-HaNA_1.04.02_7529_1653	yes
7900	630	msa	https://transcriptions.globalise.huygens.knaw.nl/detail/urn:globalise:NL-HaNA_1.04.02_7900_0630	yes
7923	158	msa	https://transcriptions.globalise.huygens.knaw.nl/detail/urn:globalise:NL-HaNA_1.04.02_7923_0158	yes
7923	164	msa	https://transcriptions.globalise.huygens.knaw.nl/detail/urn:globalise:NL-HaNA_1.04.02_7923_0164	yes
7959	184	lat	https://transcriptions.globalise.huygens.knaw.nl/detail/urn:globalise:NL-HaNA_1.04.02_7959_0184	yes
7959	190	lat	https://transcriptions.globalise.huygens.knaw.nl/detail/urn:globalise:NL-HaNA_1.04.02_7959_0190	yes
7959	194	lat	https://transcriptions.globalise.huygens.knaw.nl/detail/urn:globalise:NL-HaNA_1.04.02_7959_0194	yes
7959	198	lat	https://transcriptions.globalise.huygens.knaw.nl/detail/urn:globalise:NL-HaNA_1.04.02_7959_0198	yes
7959	208	lat	https://transcriptions.globalise.huygens.knaw.nl/detail/urn:globalise:NL-HaNA_1.04.02_7959_0208	yes
7959	218	lat	https://transcriptions.globalise.huygens.knaw.nl/detail/urn:globalise:NL-HaNA_1.04.02_7959_0218	yes
7959	220	lat	https://transcriptions.globalise.huygens.knaw.nl/detail/urn:globalise:NL-HaNA_1.04.02_7959_0220	yes
7959	244	lat	https://transcriptions.globalise.huygens.knaw.nl/detail/urn:globalise:NL-HaNA_1.04.02_7959_0244	yes
7959	316	lat	https://transcriptions.globalise.huygens.knaw.nl/detail/urn:globalise:NL-HaNA_1.04.02_7959_0316	yes
8055	339	lat	https://transcriptions.globalise.huygens.knaw.nl/detail/urn:globalise:NL-HaNA_1.04.02_8055_0339	yes
8055	340	lat	https://transcriptions.globalise.huygens.knaw.nl/detail/urn:globalise:NL-HaNA_1.04.02_8055_0340	yes
8103	379	lat	https://transcriptions.globalise.huygens.knaw.nl/detail/urn:globalise:NL-HaNA_1.04.02_8103_0379	yes
8103	380	lat	https://transcriptions.globalise.huygens.knaw.nl/detail/urn:globalise:NL-HaNA_1.04.02_8103_0380	yes
8103	382	lat	https://transcriptions.globalise.huygens.knaw.nl/detail/urn:globalise:NL-HaNA_1.04.02_8103_0382	yes
8136	944	lat	https://transcriptions.globalise.huygens.knaw.nl/detail/urn:globalise:NL-HaNA_1.04.02_8136_0944	yes
8136	945	lat	https://transcriptions.globalise.huygens.knaw.nl/detail/urn:globalise:NL-HaNA_1.04.02_8136_0945	yes
8136	946	lat	https://transcriptions.globalise.huygens.knaw.nl/detail/urn:globalise:NL-HaNA_1.04.02_8136_0946	yes
8138	518	lat	https://transcriptions.globalise.huygens.knaw.nl/detail/urn:globalise:NL-HaNA_1.04.02_8138_0518	yes
8138	519	lat	https://transcriptions.globalise.huygens.knaw.nl/detail/urn:globalise:NL-HaNA_1.04.02_8138_0519	yes
8143	790	msa	https://transcriptions.globalise.huygens.knaw.nl/detail/urn:globalise:NL-HaNA_1.04.02_8143_0790	yes
8150	556	msa	https://transcriptions.globalise.huygens.knaw.nl/detail/urn:globalise:NL-HaNA_1.04.02_8150_0556	yes
8211	1223	lat	https://transcriptions.globalise.huygens.knaw.nl/detail/urn:globalise:NL-HaNA_1.04.02_8211_1223	yes
8244	740	msa	https://transcriptions.globalise.huygens.knaw.nl/detail/urn:globalise:NL-HaNA_1.04.02_8244_0740	yes
8275	226	lat	https://transcriptions.globalise.huygens.knaw.nl/detail/urn:globalise:NL-HaNA_1.04.02_8275_0226	yes
8325	258	msa	https://transcriptions.globalise.huygens.knaw.nl/detail/urn:globalise:NL-HaNA_1.04.02_8325_0258	yes
8328	59	lat	https://transcriptions.globalise.huygens.knaw.nl/detail/urn:globalise:NL-HaNA_1.04.02_8328_0059	yes
8328	61	lat	https://transcriptions.globalise.huygens.knaw.nl/detail/urn:globalise:NL-HaNA_1.04.02_8328_0061	yes
8328	63	lat	https://transcriptions.globalise.huygens.knaw.nl/detail/urn:globalise:NL-HaNA_1.04.02_8328_0063	yes
8405	114	lat	https://transcriptions.globalise.huygens.knaw.nl/detail/urn:globalise:NL-HaNA_1.04.02_8405_0114	yes
8405	115	lat	https://transcriptions.globalise.huygens.knaw.nl/detail/urn:globalise:NL-HaNA_1.04.02_8405_0115	yes
8405	116	lat	https://transcriptions.globalise.huygens.knaw.nl/detail/urn:globalise:NL-HaNA_1.04.02_8405_0116	yes
8438	74	nld,msa	https://transcriptions.globalise.huygens.knaw.nl/detail/urn:globalise:NL-HaNA_1.04.02_8438_0074	yes
8453	230	lat	https://transcriptions.globalise.huygens.knaw.nl/detail/urn:globalise:NL-HaNA_1.04.02_8453_0230	yes
8453	231	lat	https://transcriptions.globalise.huygens.knaw.nl/detail/urn:globalise:NL-HaNA_1.04.02_8453_0231	yes
8453	232	lat	https://transcriptions.globalise.huygens.knaw.nl/detail/urn:globalise:NL-HaNA_1.04.02_8453_0232	yes
8525	238	lat	https://transcriptions.globalise.huygens.knaw.nl/detail/urn:globalise:NL-HaNA_1.04.02_8525_0238	yes
8525	239	lat	https://transcriptions.globalise.huygens.knaw.nl/detail/urn:globalise:NL-HaNA_1.04.02_8525_0239	yes
8525	240	lat	https://transcriptions.globalise.huygens.knaw.nl/detail/urn:globalise:NL-HaNA_1.04.02_8525_0240	yes
8525	241	lat	https://transcriptions.globalise.huygens.knaw.nl/detail/urn:globalise:NL-HaNA_1.04.02_8525_0241	yes
8525	243	lat	https://transcriptions.globalise.huygens.knaw.nl/detail/urn:globalise:NL-HaNA_1.04.02_8525_0243	yes
8539	186	lat	https://transcriptions.globalise.huygens.knaw.nl/detail/urn:globalise:NL-HaNA_1.04.02_8539_0186	yes
8539	192	lat	https://transcriptions.globalise.huygens.knaw.nl/detail/urn:globalise:NL-HaNA_1.04.02_8539_0192	yes
8622	313	lat	https://transcriptions.globalise.huygens.knaw.nl/detail/urn:globalise:NL-HaNA_1.04.02_8622_0313	yes
8627	39	lat	https://transcriptions.globalise.huygens.knaw.nl/detail/urn:globalise:NL-HaNA_1.04.02_8627_0039	yes
8636	206	lat	https://transcriptions.globalise.huygens.knaw.nl/detail/urn:globalise:NL-HaNA_1.04.02_8636_0206	yes
8636	207	lat	https://transcriptions.globalise.huygens.knaw.nl/detail/urn:globalise:NL-HaNA_1.04.02_8636_0207	yes
8638	231	lat	https://transcriptions.globalise.huygens.knaw.nl/detail/urn:globalise:NL-HaNA_1.04.02_8638_0231	yes
8638	232	lat	https://transcriptions.globalise.huygens.knaw.nl/detail/urn:globalise:NL-HaNA_1.04.02_8638_0232	yes
8638	233	lat	https://transcriptions.globalise.huygens.knaw.nl/detail/urn:globalise:NL-HaNA_1.04.02_8638_0233	yes
8789	32	lat	https://transcriptions.globalise.huygens.knaw.nl/detail/urn:globalise:NL-HaNA_1.04.02_8789_0032	yes
8789	33	lat	https://transcriptions.globalise.huygens.knaw.nl/detail/urn:globalise:NL-HaNA_1.04.02_8789_0033	yes
8789	34	lat	https://transcriptions.globalise.huygens.knaw.nl/detail/urn:globalise:NL-HaNA_1.04.02_8789_0034	yes
8943	395	lat	https://transcriptions.globalise.huygens.knaw.nl/detail/urn:globalise:NL-HaNA_1.04.02_8943_0395	yes
8954	798	nld,msa	https://transcriptions.globalise.huygens.knaw.nl/detail/urn:globalise:NL-HaNA_1.04.02_8954_0798	yes
8961	681	lat	https://transcriptions.globalise.huygens.knaw.nl/detail/urn:globalise:NL-HaNA_1.04.02_8961_0681	yes
8989	274	lat	https://transcriptions.globalise.huygens.knaw.nl/detail/urn:globalise:NL-HaNA_1.04.02_8989_0274	yes
8989	275	lat	https://transcriptions.globalise.huygens.knaw.nl/detail/urn:globalise:NL-HaNA_1.04.02_8989_0275	yes
8989	276	lat	https://transcriptions.globalise.huygens.knaw.nl/detail/urn:globalise:NL-HaNA_1.04.02_8989_0276	yes
8989	277	lat	https://transcriptions.globalise.huygens.knaw.nl/detail/urn:globalise:NL-HaNA_1.04.02_8989_0277	yes
8989	278	lat	https://transcriptions.globalise.huygens.knaw.nl/detail/urn:globalise:NL-HaNA_1.04.02_8989_0278	yes
9028	1233	lat	https://transcriptions.globalise.huygens.knaw.nl/detail/urn:globalise:NL-HaNA_1.04.02_9028_1233	yes
9030	376	lat	https://transcriptions.globalise.huygens.knaw.nl/detail/urn:globalise:NL-HaNA_1.04.02_9030_0376	yes
9030	377	lat	https://transcriptions.globalise.huygens.knaw.nl/detail/urn:globalise:NL-HaNA_1.04.02_9030_0377	yes
9030	378	lat	https://transcriptions.globalise.huygens.knaw.nl/detail/urn:globalise:NL-HaNA_1.04.02_9030_0378	yes
9030	380	lat	https://transcriptions.globalise.huygens.knaw.nl/detail/urn:globalise:NL-HaNA_1.04.02_9030_0380	yes
9075	605	lat	https://transcriptions.globalise.huygens.knaw.nl/detail/urn:globalise:NL-HaNA_1.04.02_9075_0605	yes
9075	607	lat	https://transcriptions.globalise.huygens.knaw.nl/detail/urn:globalise:NL-HaNA_1.04.02_9075_0607	yes
9075	608	lat	https://transcriptions.globalise.huygens.knaw.nl/detail/urn:globalise:NL-HaNA_1.04.02_9075_0608	yes
9075	610	lat	https://transcriptions.globalise.huygens.knaw.nl/detail/urn:globalise:NL-HaNA_1.04.02_9075_0610	yes
9131	293	lat	https://transcriptions.globalise.huygens.knaw.nl/detail/urn:globalise:NL-HaNA_1.04.02_9131_0293	yes
9131	294	lat	https://transcriptions.globalise.huygens.knaw.nl/detail/urn:globalise:NL-HaNA_1.04.02_9131_0294	yes
9131	295	lat	https://transcriptions.globalise.huygens.knaw.nl/detail/urn:globalise:NL-HaNA_1.04.02_9131_0295	yes
9131	296	lat	https://transcriptions.globalise.huygens.knaw.nl/detail/urn:globalise:NL-HaNA_1.04.02_9131_0296	yes
9207	44	msa	https://transcriptions.globalise.huygens.knaw.nl/detail/urn:globalise:NL-HaNA_1.04.02_9207_0044	yes
9207	45	msa	https://transcriptions.globalise.huygens.knaw.nl/detail/urn:globalise:NL-HaNA_1.04.02_9207_0045	yes
9345	468	deu	https://transcriptions.globalise.huygens.knaw.nl/detail/urn:globalise:NL-HaNA_1.04.02_9435_0468	yes
9346	815	por	https://transcriptions.globalise.huygens.knaw.nl/detail/urn:globalise:NL-HaNA_1.04.02_9346_0815	yes
9346	851	por	https://transcriptions.globalise.huygens.knaw.nl/detail/urn:globalise:NL-HaNA_1.04.02_9346_0851	yes
9346	858	por	https://transcriptions.globalise.huygens.knaw.nl/detail/urn:globalise:NL-HaNA_1.04.02_9346_0858	yes
9435	467	deu	https://transcriptions.globalise.huygens.knaw.nl/detail/urn:globalise:NL-HaNA_1.04.02_9435_0467	yes
9452	214	lat	https://transcriptions.globalise.huygens.knaw.nl/detail/urn:globalise:NL-HaNA_1.04.02_9452_0214	yes
9484	409	fra	https://transcriptions.globalise.huygens.knaw.nl/detail/urn:globalise:NL-HaNA_1.04.02_9484_0409	yes
9484	410	fra	https://transcriptions.globalise.huygens.knaw.nl/detail/urn:globalise:NL-HaNA_1.04.02_9484_0410	yes
9542	872	lat	https://transcriptions.globalise.huygens.knaw.nl/detail/urn:globalise:NL-HaNA_1.04.02_9542_0872	yes
9559	121	spa	https://transcriptions.globalise.huygens.knaw.nl/detail/urn:globalise:NL-HaNA_1.04.02_9559_0121	yes
9560	128	lat	https://transcriptions.globalise.huygens.knaw.nl/detail/urn:globalise:NL-HaNA_1.04.02_9560_0128	yes
9560	129	lat	https://transcriptions.globalise.huygens.knaw.nl/detail/urn:globalise:NL-HaNA_1.04.02_9560_0129	yes
9560	130	lat	https://transcriptions.globalise.huygens.knaw.nl/detail/urn:globalise:NL-HaNA_1.04.02_9560_0130	yes
9560	131	lat	https://transcriptions.globalise.huygens.knaw.nl/detail/urn:globalise:NL-HaNA_1.04.02_9560_0131	yes
9580	419	lat	https://transcriptions.globalise.huygens.knaw.nl/detail/urn:globalise:NL-HaNA_1.04.02_9580_0419	yes
9592	641	lat	https://transcriptions.globalise.huygens.knaw.nl/detail/urn:globalise:NL-HaNA_1.04.02_9592_0641	yes
9738	758	lat	https://transcriptions.globalise.huygens.knaw.nl/detail/urn:globalise:NL-HaNA_1.04.02_9738_0758	yes
9758	917	lat	https://transcriptions.globalise.huygens.knaw.nl/detail/urn:globalise:NL-HaNA_1.04.02_9758_0917	yes
9853	286	lat	https://transcriptions.globalise.huygens.knaw.nl/detail/urn:globalise:NL-HaNA_1.04.02_9853_0286	yes
9868	675	lat	https://transcriptions.globalise.huygens.knaw.nl/detail/urn:globalise:NL-HaNA_1.04.02_9868_0675	yes
9927	879	lat	https://transcriptions.globalise.huygens.knaw.nl/detail/urn:globalise:NL-HaNA_1.04.02_9927_0879	yes
9929	229	lat	https://transcriptions.globalise.huygens.knaw.nl/detail/urn:globalise:NL-HaNA_1.04.02_9929_0229	yes
9990	466	deu	https://transcriptions.globalise.huygens.knaw.nl/detail/urn:globalise:NL-HaNA_1.04.02_9990_0466	yes
9990	467	deu	https://transcriptions.globalise.huygens.knaw.nl/detail/urn:globalise:NL-HaNA_1.04.02_9990_0467	yes
9990	468	deu	https://transcriptions.globalise.huygens.knaw.nl/detail/urn:globalise:NL-HaNA_1.04.02_9990_0468	yes
9990	470	deu	https://transcriptions.globalise.huygens.knaw.nl/detail/urn:globalise:NL-HaNA_1.04.02_9990_0470	yes
9990	471	deu	https://transcriptions.globalise.huygens.knaw.nl/detail/urn:globalise:NL-HaNA_1.04.02_9990_0471	yes
9990	472	deu	https://transcriptions.globalise.huygens.knaw.nl/detail/urn:globalise:NL-HaNA_1.04.02_9990_0472	yes
9990	473	deu	https://transcriptions.globalise.huygens.knaw.nl/detail/urn:globalise:NL-HaNA_1.04.02_9990_0473	yes
9990	474	deu	https://transcriptions.globalise.huygens.knaw.nl/detail/urn:globalise:NL-HaNA_1.04.02_9990_0474	yes
9990	475	deu	https://transcriptions.globalise.huygens.knaw.nl/detail/urn:globalise:NL-HaNA_1.04.02_9990_0475	yes
9996	26	fra	https://transcriptions.globalise.huygens.knaw.nl/detail/urn:globalise:NL-HaNA_1.04.02_9996_0026	yes
10011	70	fra	https://transcriptions.globalise.huygens.knaw.nl/detail/urn:globalise:NL-HaNA_1.04.02_10011_0070	yes
10011	171	fra	https://transcriptions.globalise.huygens.knaw.nl/detail/urn:globalise:NL-HaNA_1.04.02_10011_0171	yes
10011	193	fra	https://transcriptions.globalise.huygens.knaw.nl/detail/urn:globalise:NL-HaNA_1.04.02_10011_0193	yes
10011	218	fra	https://transcriptions.globalise.huygens.knaw.nl/detail/urn:globalise:NL-HaNA_1.04.02_10011_0218	yes
10011	225	fra	https://transcriptions.globalise.huygens.knaw.nl/detail/urn:globalise:NL-HaNA_1.04.02_10011_0225	yes
10011	236	fra	https://transcriptions.globalise.huygens.knaw.nl/detail/urn:globalise:NL-HaNA_1.04.02_10011_0236	yes
10011	238	fra	https://transcriptions.globalise.huygens.knaw.nl/detail/urn:globalise:NL-HaNA_1.04.02_10011_0238	yes
10011	239	fra	https://transcriptions.globalise.huygens.knaw.nl/detail/urn:globalise:NL-HaNA_1.04.02_10011_0239	yes
10011	241	fra	https://transcriptions.globalise.huygens.knaw.nl/detail/urn:globalise:NL-HaNA_1.04.02_10011_0241	yes
10011	242	fra	https://transcriptions.globalise.huygens.knaw.nl/detail/urn:globalise:NL-HaNA_1.04.02_10011_0242	yes
10011	243	fra	https://transcriptions.globalise.huygens.knaw.nl/detail/urn:globalise:NL-HaNA_1.04.02_10011_0243	yes
10011	250	fra	https://transcriptions.globalise.huygens.knaw.nl/detail/urn:globalise:NL-HaNA_1.04.02_10011_0250	yes
10011	251	fra	https://transcriptions.globalise.huygens.knaw.nl/detail/urn:globalise:NL-HaNA_1.04.02_10011_0251	yes
10011	259	fra	https://transcriptions.globalise.huygens.knaw.nl/detail/urn:globalise:NL-HaNA_1.04.02_10011_0259	yes
10011	268	fra	https://transcriptions.globalise.huygens.knaw.nl/detail/urn:globalise:NL-HaNA_1.04.02_10011_0268	yes
10011	271	fra	https://transcriptions.globalise.huygens.knaw.nl/detail/urn:globalise:NL-HaNA_1.04.02_10011_0271	yes
10011	278	fra	https://transcriptions.globalise.huygens.knaw.nl/detail/urn:globalise:NL-HaNA_1.04.02_10011_0278	yes
10011	286	fra	https://transcriptions.globalise.huygens.knaw.nl/detail/urn:globalise:NL-HaNA_1.04.02_10011_0286	yes
10011	307	fra	https://transcriptions.globalise.huygens.knaw.nl/detail/urn:globalise:NL-HaNA_1.04.02_10011_0307	yes
10011	308	fra	https://transcriptions.globalise.huygens.knaw.nl/detail/urn:globalise:NL-HaNA_1.04.02_10011_0308	yes
10011	310	fra	https://transcriptions.globalise.huygens.knaw.nl/detail/urn:globalise:NL-HaNA_1.04.02_10011_0310	yes
10011	311	fra	https://transcriptions.globalise.huygens.knaw.nl/detail/urn:globalise:NL-HaNA_1.04.02_10011_0311	yes
10011	319	fra	https://transcriptions.globalise.huygens.knaw.nl/detail/urn:globalise:NL-HaNA_1.04.02_10011_0319	yes
10011	323	fra	https://transcriptions.globalise.huygens.knaw.nl/detail/urn:globalise:NL-HaNA_1.04.02_10011_0323	yes
10011	324	fra	https://transcriptions.globalise.huygens.knaw.nl/detail/urn:globalise:NL-HaNA_1.04.02_10011_0324	yes
10011	326	fra	https://transcriptions.globalise.huygens.knaw.nl/detail/urn:globalise:NL-HaNA_1.04.02_10011_0326	yes
10011	339	fra	https://transcriptions.globalise.huygens.knaw.nl/detail/urn:globalise:NL-HaNA_1.04.02_10011_0339	yes
10011	350	fra	https://transcriptions.globalise.huygens.knaw.nl/detail/urn:globalise:NL-HaNA_1.04.02_10011_0350	yes
10011	361	fra	https://transcriptions.globalise.huygens.knaw.nl/detail/urn:globalise:NL-HaNA_1.04.02_10011_0361	yes
10011	381	deu	https://transcriptions.globalise.huygens.knaw.nl/detail/urn:globalise:NL-HaNA_1.04.02_10011_0381	yes
10011	383	deu	https://transcriptions.globalise.huygens.knaw.nl/detail/urn:globalise:NL-HaNA_1.04.02_10011_0383	yes
10011	384	deu	https://transcriptions.globalise.huygens.knaw.nl/detail/urn:globalise:NL-HaNA_1.04.02_10011_0384	yes
10011	385	deu	https://transcriptions.globalise.huygens.knaw.nl/detail/urn:globalise:NL-HaNA_1.04.02_10011_0385	yes
10011	386	deu	https://transcriptions.globalise.huygens.knaw.nl/detail/urn:globalise:NL-HaNA_1.04.02_10011_0386	yes
10011	387	deu	https://transcriptions.globalise.huygens.knaw.nl/detail/urn:globalise:NL-HaNA_1.04.02_10011_0387	yes
10011	388	deu	https://transcriptions.globalise.huygens.knaw.nl/detail/urn:globalise:NL-HaNA_1.04.02_10011_0388	yes
10011	390	deu	https://transcriptions.globalise.huygens.knaw.nl/detail/urn:globalise:NL-HaNA_1.04.02_10011_0390	yes
10011	392	deu	https://transcriptions.globalise.huygens.knaw.nl/detail/urn:globalise:NL-HaNA_1.04.02_10011_0392	yes
10011	393	deu	https://transcriptions.globalise.huygens.knaw.nl/detail/urn:globalise:NL-HaNA_1.04.02_10011_0393	yes
10011	394	deu	https://transcriptions.globalise.huygens.knaw.nl/detail/urn:globalise:NL-HaNA_1.04.02_10011_0394	yes
10019	85	fra	https://transcriptions.globalise.huygens.knaw.nl/detail/urn:globalise:NL-HaNA_1.04.02_10019_0085	yes
10034	311	lat	https://transcriptions.globalise.huygens.knaw.nl/detail/urn:globalise:NL-HaNA_1.04.02_10034_0311	yes
10036	417	lat,nld	https://transcriptions.globalise.huygens.knaw.nl/detail/urn:globalise:NL-HaNA_1.04.02_10036_0417	yes
10044	65	fra	https://transcriptions.globalise.huygens.knaw.nl/detail/urn:globalise:NL-HaNA_1.04.02_10044_0065	yes
10044	67	fra	https://transcriptions.globalise.huygens.knaw.nl/detail/urn:globalise:NL-HaNA_1.04.02_10044_0067	yes
10054	552	lat	https://transcriptions.globalise.huygens.knaw.nl/detail/urn:globalise:NL-HaNA_1.04.02_10054_0552	yes
10054	555	lat	https://transcriptions.globalise.huygens.knaw.nl/detail/urn:globalise:NL-HaNA_1.04.02_10054_0555	yes
10054	558	lat	https://transcriptions.globalise.huygens.knaw.nl/detail/urn:globalise:NL-HaNA_1.04.02_10054_0558	yes
10152	190	lat	https://transcriptions.globalise.huygens.knaw.nl/detail/urn:globalise:NL-HaNA_1.04.02_10152_0190	yes
10180	69	lat	https://transcriptions.globalise.huygens.knaw.nl/detail/urn:globalise:NL-HaNA_1.04.02_10180_0069	yes
10180	72	lat	https://transcriptions.globalise.huygens.knaw.nl/detail/urn:globalise:NL-HaNA_1.04.02_10180_0072	yes
10180	73	lat	https://transcriptions.globalise.huygens.knaw.nl/detail/urn:globalise:NL-HaNA_1.04.02_10180_0073	yes
10180	74	lat	https://transcriptions.globalise.huygens.knaw.nl/detail/urn:globalise:NL-HaNA_1.04.02_10180_0074	yes
10187	63	lat	https://transcriptions.globalise.huygens.knaw.nl/detail/urn:globalise:NL-HaNA_1.04.02_10187_0063	yes
10189	82	lat	https://transcriptions.globalise.huygens.knaw.nl/detail/urn:globalise:NL-HaNA_1.04.02_10189_0082	yes
10209	784	lat	https://transcriptions.globalise.huygens.knaw.nl/detail/urn:globalise:NL-HaNA_1.04.02_10209_0784	yes
10209	785	lat	https://transcriptions.globalise.huygens.knaw.nl/detail/urn:globalise:NL-HaNA_1.04.02_10209_0785	yes
10209	787	lat	https://transcriptions.globalise.huygens.knaw.nl/detail/urn:globalise:NL-HaNA_1.04.02_10209_0787	yes
10415	418	eng	https://transcriptions.globalise.huygens.knaw.nl/detail/urn:globalise:NL-HaNA_1.04.02_10415_0418	yes
10418	303	lat	https://transcriptions.globalise.huygens.knaw.nl/detail/urn:globalise:NL-HaNA_1.04.02_10418_0303	yes
10439	89	lat	https://transcriptions.globalise.huygens.knaw.nl/detail/urn:globalise:NL-HaNA_1.04.02_10439_0089	yes
10439	931	lat	https://transcriptions.globalise.huygens.knaw.nl/detail/urn:globalise:NL-HaNA_1.04.02_10439_0931	yes
10448	404	lat	https://transcriptions.globalise.huygens.knaw.nl/detail/urn:globalise:NL-HaNA_1.04.02_10448_0404	yes
10449	402	lat	https://transcriptions.globalise.huygens.knaw.nl/detail/urn:globalise:NL-HaNA_1.04.02_10449_0402	yes
10451	538	lat	https://transcriptions.globalise.huygens.knaw.nl/detail/urn:globalise:NL-HaNA_1.04.02_10451_0538	yes
10452	598	lat	https://transcriptions.globalise.huygens.knaw.nl/detail/urn:globalise:NL-HaNA_1.04.02_10452_0598	yes
10454	528	lat	https://transcriptions.globalise.huygens.knaw.nl/detail/urn:globalise:NL-HaNA_1.04.02_10454_0528	yes
10454	529	lat	https://transcriptions.globalise.huygens.knaw.nl/detail/urn:globalise:NL-HaNA_1.04.02_10454_0529	yes
10456	417	lat	https://transcriptions.globalise.huygens.knaw.nl/detail/urn:globalise:NL-HaNA_1.04.02_10456_0417	yes
10456	418	lat	https://transcriptions.globalise.huygens.knaw.nl/detail/urn:globalise:NL-HaNA_1.04.02_10456_0418	yes
10456	419	lat	https://transcriptions.globalise.huygens.knaw.nl/detail/urn:globalise:NL-HaNA_1.04.02_10456_0419	yes
10456	421	lat	https://transcriptions.globalise.huygens.knaw.nl/detail/urn:globalise:NL-HaNA_1.04.02_10456_0421	yes
10456	422	lat	https://transcriptions.globalise.huygens.knaw.nl/detail/urn:globalise:NL-HaNA_1.04.02_10456_0422	yes
10459	265	lat	https://transcriptions.globalise.huygens.knaw.nl/detail/urn:globalise:NL-HaNA_1.04.02_10459_0265	yes
10459	266	lat	https://transcriptions.globalise.huygens.knaw.nl/detail/urn:globalise:NL-HaNA_1.04.02_10459_0266	yes
10462	393	lat	https://transcriptions.globalise.huygens.knaw.nl/detail/urn:globalise:NL-HaNA_1.04.02_10462_0393	yes
10569	87	por	https://transcriptions.globalise.huygens.knaw.nl/detail/urn:globalise:NL-HaNA_1.04.02_10569_0087	yes
10569	88	por	https://transcriptions.globalise.huygens.knaw.nl/detail/urn:globalise:NL-HaNA_1.04.02_10569_0088	yes
10569	89	por	https://transcriptions.globalise.huygens.knaw.nl/detail/urn:globalise:NL-HaNA_1.04.02_10569_0089	yes
10569	90	por	https://transcriptions.globalise.huygens.knaw.nl/detail/urn:globalise:NL-HaNA_1.04.02_10569_0090	yes
10569	91	por	https://transcriptions.globalise.huygens.knaw.nl/detail/urn:globalise:NL-HaNA_1.04.02_10569_0091	yes
10569	92	por	https://transcriptions.globalise.huygens.knaw.nl/detail/urn:globalise:NL-HaNA_1.04.02_10569_0092	yes
10569	111	por	https://transcriptions.globalise.huygens.knaw.nl/detail/urn:globalise:NL-HaNA_1.04.02_10569_0111	yes
10569	112	por	https://transcriptions.globalise.huygens.knaw.nl/detail/urn:globalise:NL-HaNA_1.04.02_10569_0112	yes
10630	368	spa	https://transcriptions.globalise.huygens.knaw.nl/detail/urn:globalise:NL-HaNA_1.04.02_10630_0368	yes
10632	124	por	https://transcriptions.globalise.huygens.knaw.nl/detail/urn:globalise:NL-HaNA_1.04.02_10632_0124	yes
10632	125	por	https://transcriptions.globalise.huygens.knaw.nl/detail/urn:globalise:NL-HaNA_1.04.02_10632_0125	yes
10652	469	lat	https://transcriptions.globalise.huygens.knaw.nl/detail/urn:globalise:NL-HaNA_1.04.02_10652_0469	yes
10652	599	fra	https://transcriptions.globalise.huygens.knaw.nl/detail/urn:globalise:NL-HaNA_1.04.02_10652_0599	yes
10652	846	fra	https://transcriptions.globalise.huygens.knaw.nl/detail/urn:globalise:NL-HaNA_1.04.02_10652_0846	yes
10663	146	lat	https://transcriptions.globalise.huygens.knaw.nl/detail/urn:globalise:NL-HaNA_1.04.02_10663_0146	yes
10666	894	lat	https://transcriptions.globalise.huygens.knaw.nl/detail/urn:globalise:NL-HaNA_1.04.02_10666_0894	yes
10667	105	lat	https://transcriptions.globalise.huygens.knaw.nl/detail/urn:globalise:NL-HaNA_1.04.02_10667_0105	yes
10675	859	fra	https://transcriptions.globalise.huygens.knaw.nl/detail/urn:globalise:NL-HaNA_1.04.02_10675_0859	yes
10675	860	fra	https://transcriptions.globalise.huygens.knaw.nl/detail/urn:globalise:NL-HaNA_1.04.02_10675_0860	yes
10679	288	lat	https://transcriptions.globalise.huygens.knaw.nl/detail/urn:globalise:NL-HaNA_1.04.02_10679_0288	yes
10119A	217	lat	https://transcriptions.globalise.huygens.knaw.nl/detail/urn:globalise:NL-HaNA_1.04.02_10119A_0217	yes
1179B	281	lat	https://transcriptions.globalise.huygens.knaw.nl/detail/urn:globalise:NL-HaNA_1.04.02_1179B_0281	yes
1179B	282	lat	https://transcriptions.globalise.huygens.knaw.nl/detail/urn:globalise:NL-HaNA_1.04.02_1179B_0282	yes
9013B	1645	lat	https://transcriptions.globalise.huygens.knaw.nl/detail/urn:globalise:NL-HaNA_1.04.02_9013B_1645	yes
9013B	1646	lat	https://transcriptions.globalise.huygens.knaw.nl/detail/urn:globalise:NL-HaNA_1.04.02_9013B_1646	yes